ID	Referenced By	stats	name	resource	c_name_id	mnu_vision_face
1	11 refs poplist0101#50 poplist0101#51 poplist0101#52 poplist0101#53 poplist0101#54 poplist0101#55 poplist0101#68 poplist0101#69 poplist0101#114 poplist0101#117 poplist0101#120	Little Bunnit	Little Bunnit	488	Bunnit	0
2	7 refs JNL_quest0101#Monster Quest 3 - Part 1 poplist0101#76 poplist0101#77 poplist0101#147 poplist0101#148 poplist0101#149 poplist0101#163	Hand Bunnit	Hand Bunnit	488	Bunnit	0
3	4 refs poplist0101#131 poplist0101#165 poplist0101#167 poplist0101#168	Knuckle Bunnit	Knuckle Bunnit	488	Bunnit	0
4	8 refs JNL_quest0101#Monster Quest 3 - Part 3 poplist0101#148 poplist0101#150 poplist0101#164 poplist0101#166 poplist0101#167 poplist0101#168 poplist0101#169	Wood Bunnit	Wood Bunnit	489	Bunnit	0
5		Hitter Bunnit	Hitter Bunnit	489	Bunnit	0
6	10 refs poplist0101#56 poplist0101#57 poplist0101#58 poplist0101#59 poplist0101#60 poplist0101#61 poplist0101#130 poplist0101#131 poplist0101#132 poplist0101#133	Junk Bunnit	Junk Bunnit	490	Bunnit	0
7	2 refs poplist0101#34 poplist0101#36	Common Caterpile	Common Caterpile	566	Caterpile	0
8	7 refs poplist0101#78 poplist0101#80 poplist0101#82 poplist0101#151 poplist0101#153 poplist0101#155 poplist0101#170	Praying Caterpile	Praying Caterpile	566	Caterpile	0
9	25 refs poplist0101#29 poplist0101#30 poplist0101#31 poplist0101#32 poplist0101#33 poplist0101#35 poplist0101#37 poplist0101#38 poplist0101#62 poplist0101#64 poplist0101#66 poplist0101#70 poplist0101#72 poplist0101#74 poplist0101#112 poplist0101#113 poplist0101#115 poplist0101#116 poplist0101#118 poplist0101#119 poplist0101#121 poplist0101#122 poplist0101#157 poplist0101#159 poplist0101#161	Little Skeeter	Little Skeeter	569	Skeeter	0
10	5 refs JNL_quest0101#Monster Quest 3 - Part 4 poplist0101#226 poplist0101#232 poplist0101#234 poplist0101#237	Light Skeeter	Light Skeeter	569	Skeeter	0
11	4 refs poplist0101#181 poplist0101#183 poplist0101#185 poplist0101#187	Chordy Skeeter	Chordy Skeeter	569	Skeeter	0
12	17 refs JNL_quest0101#Monster Quest 1 - Part 3 poplist0101#39 poplist0101#40 poplist0101#41 poplist0101#42 poplist0101#43 poplist0101#44 poplist0101#45 poplist0101#46 poplist0101#47 poplist0101#48 poplist0101#49 poplist0101#127 poplist0101#128 poplist0101#129 poplist0101#140 poplist0101#141	Colony Krabble	Colony Krabble	579	Krabble	0
13	6 refs poplist0101#197 poplist0101#199 poplist0101#201 poplist0101#204 poplist0101#206 poplist0101#208	Solid Krabble	Solid Krabble	579	Krabble	0
14	22 refs JNL_quest0101#Monster Quest 3 - Part 2 poplist0101#16 poplist0101#84 poplist0101#86 poplist0101#88 poplist0101#90 poplist0101#92 poplist0101#94 poplist0101#96 poplist0101#98 poplist0101#100 poplist0101#102 poplist0101#104 poplist0101#106 poplist0101#108 poplist0101#110 poplist0101#134 poplist0101#135 poplist0101#136 poplist0101#137 poplist0101#138 poplist0101#139	Beach Krabble	Beach Krabble	580	Krabble	0
15	11 refs JNL_quest0101#Monster Quest 2 - Part 3 poplist0101#192 poplist0101#193 poplist0101#194 poplist0101#195 poplist0101#196 poplist0101#198 poplist0101#200 poplist0101#202 poplist0101#205 poplist0101#207	Stone Krabble	Stone Krabble	580	Krabble	0
16	9 refs poplist0101#197 poplist0101#198 poplist0101#199 poplist0101#200 poplist0101#201 poplist0101#202 poplist0101#203 poplist0101#205 poplist0101#206	Marble Krabble	Marble Krabble	581	Krabble	0
17	6 refs poplist0101#124 poplist0101#145 poplist0101#146 poplist0101#240 poplist0101#241 poplist0101#242	Colony Piranhax	Colony Piranhax	589	Piranhax	0
18	8 refs poplist0101#209 poplist0101#210 poplist0101#211 poplist0101#212 poplist0101#218 poplist0101#219 poplist0101#220 poplist0101#221	Throne Sardi	Throne Sardi	590	Sardi	0
19	5 refs JNL_quest0101#Monster Quest 2 - Part 2 poplist0101#228 poplist0101#229 poplist0101#230 poplist0101#231	Baby Armu	Baby Armu	503	Armu	0
20	6 refs poplist0101#172 poplist0101#173 poplist0101#174 poplist0101#175 poplist0101#176 poplist0101#177	Plain Armu	Plain Armu	503	Armu	0
21	10 refs JNL_quest0101#Monster Quest 1 - Part 1 poplist0101#79 poplist0101#81 poplist0101#83 poplist0101#125 poplist0101#126 poplist0101#152 poplist0101#154 poplist0101#156 poplist0101#171	Ridge Antol	Ridge Antol	560	Antol	0
22	5 refs poplist0101#178 poplist0101#179 poplist0101#246 poplist0101#247 poplist0101#248	Clinger Antol	Clinger Antol	560	Antol	0
23	14 refs poplist0101#63 poplist0101#65 poplist0101#67 poplist0101#71 poplist0101#73 poplist0101#75 poplist0101#123 poplist0101#158 poplist0101#160 poplist0101#162 poplist0101#227 poplist0101#233 poplist0101#235 poplist0101#238	Little Vang	Little Vang	553	Vang	0
24	8 refs poplist0101#182 poplist0101#184 poplist0101#186 poplist0101#188 poplist0101#189 poplist0101#190 poplist0101#191 poplist0101#251	Shadow Vang	Shadow Vang	553	Vang	0
25	10 refs JNL_quest0101#Monster Quest 2 - Part 1 poplist0101#222 poplist0101#223 poplist0101#224 poplist0101#225 poplist0101#236 poplist0101#239 poplist0101#243 poplist0101#244 poplist0101#245	Lake Flamii	Lake Flamii	540	Flamii	0
26	3 refs poplist0101#214 poplist0101#215 poplist0101#216	Opulent Flamii	Opulent Flamii	540	Flamii	0
27	5 refs poplist0101#213 poplist0101#214 poplist0101#215 poplist0101#216 poplist0101#217	Resplendent Flamii	Resplendent Flamii	539	Flamii	0
28	3 refs poplist0101#180 poplist0101#249 poplist0101#250	Heavy Brog	Heavy Brog	518	Brog	0
29	18 refs JNL_quest0101#Monster Quest 1 - Part 2 poplist0101#85 poplist0101#87 poplist0101#89 poplist0101#91 poplist0101#93 poplist0101#95 poplist0101#97 poplist0101#99 poplist0101#101 poplist0101#103 poplist0101#105 poplist0101#107 poplist0101#109 poplist0101#111 poplist0101#142 poplist0101#143 poplist0101#144	Cute Brog	Cute Brog	518	Brog	0
30	1 refs poplist0101#5	Ancient Machine	Ancient Machine	464	White	0
31	1 refs poplist0101#6	Ancient Machine	Ancient Machine	464	White	0
32	1 refs poplist0101#4	Common Caterpile	Common Caterpile	566	Caterpile	0
33	1 refs poplist0101#3	Colony Krabble	Colony Krabble	579	Aquatic	0
34	2 refs JNL_quest0101#Challenge 1 poplist0101#14	Evil Rhangrot	Evil Rhangrot	489	Bunnit	0
35		35		488	Bunnit	0
36	1 refs poplist0101#16	Itinerant Dorothea	Itinerant Dorothea	580	Krabble	0
37	1 refs poplist0101#18	Impenetrable Redrob	Impenetrable Redrob	579	Krabble	0
38	2 refs JNL_quest0101#Challenge 2 poplist0101#13	Verdant Bluchal	Verdant Bluchal	566	Caterpile	0
39		39		580	Bunnit	0
40	2 refs JNL_quest0101#Challenge 3 poplist0101#15	Lake Magdalena	Lake Magdalena	590	Sardi	0
41	1 refs poplist0101#15	Pawn Piranhax	Pawn Piranhax	589	Piranhax	0
42	1 refs poplist0101#17	Gentle Mother Armu	Gentle Mother Armu	503	Armu	0
43	1 refs poplist0101#17	Baby Armu	Baby Armu	503	Armu	0
44	1 refs poplist0101#19	Gentle Rodriguez	Gentle Rodriguez	518	Brog	0
45	1 refs poplist0101#20	Flailing Bracken	Flailing Bracken	540	Flamii	0
46	1 refs poplist0101#21	Roguish Frengel	Roguish Frengel	560	Antol	0
47	2 refs JNL_quest0101#The Plan - Execution poplist0101#22	Dark Murakmor	Dark Murakmor	535	Tokilos	0
48	1 refs poplist0101#28	Lakebed Orthlus	Lakebed Orthlus	595	Torta	0
49	1 refs poplist0101#23	Enchanting Grune	Enchanting Grune	541	Flamii	0
50	1 refs poplist0101#24	Speedy Ramshyde	Speedy Ramshyde	490	Bunnit	0
51	1 refs poplist0101#25	Shadeless Matrix	Shadeless Matrix	553	Vang	0
52	2 refs JNL_quest0101#Getting to Know Minnie poplist0101#26	Vicious Rhana	Vicious Rhana	521	Rhana	0
53	2 refs JNL_quest0101#Pestering Paola poplist0101#27	Fiendish Bunnit	Fiendish Bunnit	490	Bunnit	0
54		54		541	Bunnit	0
55	19 refs poplist0101#255 poplist0101#256 poplist0101#262 poplist0101#265 poplist0101#269 poplist0101#291 poplist0101#292 poplist0101#295 poplist0101#297 poplist0101#299 poplist0101#302 poplist0101#306 poplist0101#309 poplist0101#311 poplist0101#314 poplist0101#317 poplist0101#320 poplist0101#325 poplist0101#330	Mechon M31	Mechon M31	414	White	0
56	23 refs poplist0101#257 poplist0101#258 poplist0101#263 poplist0101#264 poplist0101#268 poplist0101#272 poplist0101#274 poplist0101#293 poplist0101#294 poplist0101#296 poplist0101#298 poplist0101#300 poplist0101#301 poplist0101#305 poplist0101#308 poplist0101#310 poplist0101#316 poplist0101#329 poplist0101#333 poplist0101#338 poplist0101#340 poplist0101#341 poplist0101#342	Mechon M69	Mechon M69	409	White	0
57	19 refs poplist0101#261 poplist0101#277 poplist0101#280 poplist0101#303 poplist0101#312 poplist0101#319 poplist0101#323 poplist0101#324 poplist0101#326 poplist0101#327 poplist0101#331 poplist0101#333 poplist0101#336 poplist0101#337 poplist0101#338 poplist0101#339 poplist0101#340 poplist0101#341 poplist0101#342	Mechon M63	Mechon M63	423	White	0
58	10 refs poplist0101#253 poplist0101#254 poplist0101#260 poplist0101#267 poplist0101#270 poplist0101#276 poplist0101#279 poplist0101#304 poplist0101#313 poplist0101#335	Mechon M72	Mechon M72	424	White	0
59	15 refs poplist0101#252 poplist0101#259 poplist0101#266 poplist0101#271 poplist0101#273 poplist0101#275 poplist0101#278 poplist0101#307 poplist0101#315 poplist0101#318 poplist0101#321 poplist0101#322 poplist0101#328 poplist0101#332 poplist0101#334	Mechon M82	Mechon M82	433	White	0
60		60		439	White	0
61	1 refs poplist0101#1	Metal Face	Metal Face	466	White	896
62	2 refs BTL_GimmckBossRescue#2 poplist0101#2	Metal Face	Metal Face	467	White	896
63	2 refs BTL_GimmckBossRescue#1 poplist0101#7	Mechon M63	Mechon M63	423	White	0
64	1 refs poplist0101#8	Mechon M31	Mechon M31	414	White	0
65	1 refs poplist0101#8	Mechon M51	Mechon M51	409	White	0
66	1 refs poplist0101#9	Mechon M82	Mechon M82	433	White	0
67	1 refs poplist0101#9	Mechon M72	Mechon M72	424	White	0
68	1 refs poplist0101#9	Mechon M69	Mechon M69	409	White	0
69	1 refs poplist0101#10	Mechon M82	Mechon M82	433	White	0
70	1 refs poplist0101#11	Mechon M72	Mechon M72	424	White	0
71	1 refs poplist0101#12	Mechon M42	Mechon M42	439	White	0
72	2 refs poplist0101#281 poplist0101#289	Mechon M42	Mechon M42	440	White	0
73	2 refs poplist0101#282 poplist0101#287	Mechon M51	Mechon M51	410	White	0
74	3 refs poplist0101#284 poplist0101#286 poplist0101#288	Mechon M69	Mechon M69	428	White	0
75	3 refs poplist0101#283 poplist0101#285 poplist0101#290	Mechon M82	Mechon M82	434	White	0
76		76		409	White	0
77		77		409	White	0
78		78		409	White	0
79		79		409	White	0
80		80		409	White	0
81		81		409	White	0
82		82		409	White	0
83		83		409	White	0
84		84		409	White	0
85		85		409	White	0
86		86		409	White	0
87		87		409	White	0
88		88		409	White	0
89		89		409	White	0
90		90		409	White	0
91		91		409	White	0
92		92		409	White	0
93		93		409	White	0
94		94		409	White	0
95		95		409	White	0
96		96		518	White	0
97		Bunny	Bunny	491	White	0
98		Bunny (No Use)	Bunny (No Use)	490	White	0
99		Bunny (Resist)	Bunny (Resist)	490	White	0
100		Test Device	Test Device	424	White	0
101	3 refs poplist0201#42 poplist0201#52 poplist0201#60	Clap Bunniv	Clap Bunniv	491	Bunniv	0
102	5 refs JNL_quest0101#Monster Quest 4 - Part 1 poplist0201#42 poplist0201#50 poplist0201#52 poplist0201#60	Willow Bunniv	Willow Bunniv	493	Bunniv	0
103	3 refs poplist0201#51 poplist0201#55 poplist0201#59	Iron Bunniv	Iron Bunniv	492	Bunniv	0
104	3 refs poplist0201#46 poplist0201#47 poplist0201#48	Eater Caterpile	Eater Caterpile	567	Caterpile	0
105	2 refs poplist0201#44 poplist0201#45	Cute Caterpile	Cute Caterpile	567	Caterpile	0
106	2 refs poplist0201#43 poplist0201#54	Prom Skeeter	Prom Skeeter	570	Skeeter	0
107		107		570	Skeeter	0
108	6 refs JNL_quest0101#Monster Quest 4 - Part 3 poplist0201#61 poplist0201#62 poplist0201#63 poplist0201#64 poplist0201#65	Mell Lizard	Mell Lizard	524	Lizard	0
109	3 refs poplist0201#49 poplist0201#53 poplist0201#56	Air Vang	Air Vang	553	Vang	0
110	3 refs JNL_quest0101#Monster Quest 4 - Part 2 poplist0201#57 poplist0201#58	Singing Brog	Singing Brog	518	Brog	0
111	1 refs poplist0201#20	Cellar Bugworm	Cellar Bugworm	567	Caterpile	0
112	2 refs JNL_quest0101#Challenge 4 poplist0201#21	Wallslide Gwynry	Wallslide Gwynry	524	Lizard	0
113	1 refs poplist0201#22	Mining Patrichev	Mining Patrichev	492	Bunniv	0
114		114		409	Flamii	0
115	10 refs poplist0201#72 poplist0201#73 poplist0201#74 poplist0201#78 poplist0201#80 poplist0201#82 poplist0201#84 poplist0201#86 poplist0201#88 poplist0201#96	Worker Arachno	Worker Arachno	556	Arachno	0
116	1 refs poplist0201#75	Director Arachno	Director Arachno	557	Arachno	0
117	1 refs poplist0201#74	Officer Arachno	Officer Arachno	557	Arachno	0
118	7 refs poplist0201#77 poplist0201#79 poplist0201#81 poplist0201#83 poplist0201#85 poplist0201#87 poplist0201#95	Arachno Pod	Arachno Pod	652	Arachno	0
119	1 refs poplist0201#71	Noble Brog	Noble Brog	520	Brog	0
120	2 refs poplist0201#70 poplist0201#89	Desert Krabble	Desert Krabble	584	Krabble	0
121	2 refs poplist0201#89 poplist0201#90	Jewel Krabble	Jewel Krabble	585	Krabble	0
122	2 refs poplist0201#66 poplist0201#67	Medium Skeeter	Medium Skeeter	570	Skeeter	0
123	2 refs poplist0201#91 poplist0201#92	Cave Skeeter	Cave Skeeter	570	Skeeter	0
124		124		493	Bunniv	0
125		125		492	Bunniv	0
126		Agouti Caterpile	Agouti Caterpile	567	Caterpile	0
127	3 refs JNL_quest0101#Jackson's Awakening poplist0201#93 poplist0201#94	Tephra Lizard	Tephra Lizard	524	Lizard	0
128	4 refs JNL_quest0101#A Young Captain's Suffering poplist0201#68 poplist0201#69 poplist0201#76	Wind Vang	Wind Vang	553	Vang	0
129	1 refs poplist0201#97	Arm Bunnit	Arm Bunnit	488	Bunnit	0
130	1 refs poplist0201#98	Plane Bunnit	Plane Bunnit	489	Bunnit	0
131		131		566	Caterpile	0
132	2 refs poplist0201#99 poplist0201#101	Weather Flier	Weather Flier	574	Flier	0
133	2 refs poplist0201#100 poplist0201#102	Night Wisp	Night Wisp	575	Wisp	0
134	1 refs poplist0201#1	Arachno Queen	Arachno Queen	563	Bug	0
135	11 refs poplist0201#2 poplist0201#3 poplist0201#5 poplist0201#6 poplist0201#8 poplist0201#9 poplist0201#11 poplist0201#12 poplist0201#14 poplist0201#15 poplist0201#17	Soldier Arachno	Soldier Arachno	556	Bug	0
136	6 refs poplist0201#2 poplist0201#4 poplist0201#7 poplist0201#10 poplist0201#13 poplist0201#16	Captain Arachno	Captain Arachno	557	Bug	0
137	5 refs poplist0201#3 poplist0201#6 poplist0201#9 poplist0201#12 poplist0201#15	Arachno Pod	Arachno Pod	652	Bug	0
138	2 refs poplist0201#18 poplist0201#19	Worker Arachno	Worker Arachno	556	White	0
139	2 refs poplist0201#18 poplist0201#19	Director Arachno	Director Arachno	557	White	0
140		140		409	Flamii	0
141	5 refs poplist0201#105 poplist0201#106 poplist0201#107 poplist0201#140 poplist0201#141	Falsel Bunniv	Falsel Bunniv	495	Bunniv	0
142	3 refs poplist0201#105 poplist0201#107 poplist0201#140	Fascia Bunniv	Fascia Bunniv	496	Bunniv	0
143	2 refs poplist0201#110 poplist0201#111	Jada Arachno	Jada Arachno	556	Arachno	0
144	7 refs poplist0201#110 poplist0201#111 poplist0201#113 poplist0201#115 poplist0201#117 poplist0201#119 poplist0201#121	Jadals Arachno	Jadals Arachno	557	Arachno	0
145	19 refs poplist0201#131 poplist0201#132 poplist0201#134 poplist0201#136 poplist0201#138 poplist0201#143 poplist0201#148 poplist0201#149 poplist0201#150 poplist0201#152 poplist0201#154 poplist0201#156 poplist0201#158 poplist0201#160 poplist0201#161 poplist0201#163 poplist0201#165 poplist0201#167 poplist0201#169	Panasowa Arachno	Panasowa Arachno	558	Arachno	0
146	7 refs poplist0201#131 poplist0201#132 poplist0201#148 poplist0201#149 poplist0201#150 poplist0201#160 poplist0201#161	Vilae Arachno	Vilae Arachno	559	Arachno	0
147	3 refs poplist0201#145 poplist0201#146 poplist0201#147	Sonicia Gogol	Sonicia Gogol	515	Gogol	0
148	5 refs poplist0201#122 poplist0201#129 poplist0201#130 poplist0201#139 poplist0201#159	Brabilam Vang	Brabilam Vang	554	Vang	0
149	5 refs poplist0201#104 poplist0201#108 poplist0201#109 poplist0201#127 poplist0201#128	Dorsiar Lizard	Dorsiar Lizard	524	Lizard	0
150	1 refs poplist0201#103	Femuny Wisp	Femuny Wisp	575	Wisp	0
151	4 refs poplist0201#123 poplist0201#124 poplist0201#125 poplist0201#126	Rhoen Quadwing	Rhoen Quadwing	550	Quadwing	0
152	16 refs poplist0201#112 poplist0201#114 poplist0201#116 poplist0201#118 poplist0201#120 poplist0201#133 poplist0201#135 poplist0201#137 poplist0201#151 poplist0201#153 poplist0201#155 poplist0201#157 poplist0201#162 poplist0201#164 poplist0201#166 poplist0201#168	Hanz Pod	Hanz Pod	652	Arachno	0
153	2 refs poplist0201#142 poplist0201#144	Young Brog	Young Brog	520	Brog	0
154	1 refs poplist0201#23	Gluttonous Eugen	Gluttonous Eugen	520	Brog	0
155	1 refs poplist0201#24	Musical Vanflare	Musical Vanflare	553	Vang	0
156	1 refs poplist0201#25	Solid Konev	Solid Konev	585	Krabble	0
157	1 refs poplist0201#26	Reckless Galdon	Reckless Galdon	464	White	0
158	1 refs poplist0201#27	Plump Sprahda	Plump Sprahda	559	Arachno	0
159	1 refs poplist0201#41	Dazzling Tolosnia	Dazzling Tolosnia	564	Queen	0
160	1 refs poplist0201#28	Protective Torquidon	Protective Torquidon	535	Tokilos	0
161	1 refs poplist0201#29	Judicious Bunnitzol	Judicious Bunnitzol	496	Bunniv	0
162	1 refs poplist0201#30	Erratic Goliante	Erratic Goliante	516	Gogol	0
163	2 refs JNL_quest0301#139 poplist0201#31	Reckless Zanden	Reckless Zanden	517	Gogol	0
164	2 refs JNL_quest0301#140 poplist0201#32	Firework Geldesia	Firework Geldesia	564	Queen	0
165	2 refs JNL_quest0101#A Young Captain's Rise poplist0201#33	Lurker Brog	Lurker Brog	520	Brog	0
166	2 refs JNL_quest0101#A Young Captain's Rise poplist0201#34	Lurker Krabble	Lurker Krabble	585	Krabble	0
167	2 refs JNL_quest0101#Jackson the Poet poplist0201#35	Dim Wisp	Dim Wisp	575	Wisp	0
168	2 refs JNL_quest0201#Clearing Obstructions poplist0201#37	Devoted Arachno	Devoted Arachno	558	Arachno	0
169	2 refs JNL_quest0201#Clearing Obstructions poplist0201#38	Resolute Arachno	Resolute Arachno	558	Arachno	0
170	2 refs JNL_quest0201#Clearing Obstructions poplist0201#39	Zealous Arachno	Zealous Arachno	559	Arachno	0
171	1 refs poplist0201#40	Satisfied Gogol	Satisfied Gogol	515	Gogol	0
172		172		409	Flamii	0
173	1 refs poplist0201#36	Greedy Arachno	Greedy Arachno	558	Arachno	0
174		174		409	White	0
175		175		409	White	0
176		176		409	White	0
177		177		409	White	0
178		178		409	White	0
179		179		409	White	0
180		180		409	White	0
181		181		409	White	0
182		182		409	White	0
183		183		409	White	0
184		184		409	White	0
185		185		409	White	0
186		186		409	White	0
187		187		409	White	0
188		188		409	White	0
189		189		409	White	0
190		190		409	White	0
191		191		409	White	0
192		192		409	White	0
193		193		409	White	0
194		194		409	White	0
195		195		409	White	0
196		196		409	White	0
197		197		409	White	0
198		198		409	White	0
199		199		409	White	0
200		200		409	White	0
201	10 refs poplist0301#38 poplist0301#39 poplist0301#51 poplist0301#52 poplist0301#53 poplist0301#54 poplist0301#70 poplist0301#126 poplist0301#142 poplist0301#191	Leg Armu	Leg Armu	503	Armu	0
202	8 refs JNL_quest0301#Monster Quest 1 - Part 1 poplist0301#38 poplist0301#39 poplist0301#51 poplist0301#52 poplist0301#70 poplist0301#191 poplist0301#192	Leg Ardun	Leg Ardun	505	Ardun	0
203	12 refs poplist0301#38 poplist0301#39 poplist0301#51 poplist0301#52 poplist0301#54 poplist0301#70 poplist0301#128 poplist0301#142 poplist0301#144 poplist0301#145 poplist0301#191 poplist0301#192	Daughter Armu	Daughter Armu	503	Armu	0
204	3 refs poplist0301#127 poplist0301#141 poplist0301#143	Magnis Ardun	Magnis Ardun	506	Ardun	0
205	15 refs JNL_quest0301#Monster Quest 1 - Part 4 poplist0301#13 poplist0301#56 poplist0301#58 poplist0301#60 poplist0301#62 poplist0301#64 poplist0301#66 poplist0301#68 poplist0301#129 poplist0301#183 poplist0301#184 poplist0301#188 poplist0301#189 poplist0301#190	Leg Volff	Leg Volff	500	Volff	0
206	5 refs poplist0301#183 poplist0301#184 poplist0301#188 poplist0301#189 poplist0301#190	Leader Volff	Leader Volff	500	Volff	0
207	5 refs poplist0301#130 poplist0301#131 poplist0301#185 poplist0301#186 poplist0301#187	Ugly Volff	Ugly Volff	500	Volff	0
208	3 refs poplist0301#40 poplist0301#43 poplist0301#45	Black Flamii	Black Flamii	540	Flamii	0
209	12 refs poplist0301#41 poplist0301#44 poplist0301#46 poplist0301#274 poplist0301#275 poplist0301#279 poplist0301#280 poplist0301#284 poplist0301#285 poplist0301#288 poplist0301#290 poplist0301#291	Lahar Flamii	Lahar Flamii	539	Flamii	0
210	6 refs poplist0301#225 poplist0301#226 poplist0301#227 poplist0301#228 poplist0301#229 poplist0301#230	Oasis Flamii	Oasis Flamii	541	Flamii	0
211	2 refs poplist0301#106 poplist0301#107	Slugger Bunnit	Slugger Bunnit	489	Bunnit	0
212	2 refs poplist0301#106 poplist0301#107	Craft Bunnit	Craft Bunnit	490	Bunnit	0
213	2 refs JNL_quest0301#Monster Quest 1 - Part 2 poplist0301#108	Maker Bunnit	Maker Bunnit	490	Bunnit	0
214	5 refs poplist0301#109 poplist0301#110 poplist0301#111 poplist0301#112 poplist0301#175	Easy Hox	Easy Hox	497	Hox	0
215	9 refs poplist0301#215 poplist0301#216 poplist0301#217 poplist0301#218 poplist0301#219 poplist0301#221 poplist0301#223 poplist0301#224 poplist0301#271	Dark Hox	Dark Hox	497	Hox	0
216	5 refs poplist0301#218 poplist0301#219 poplist0301#220 poplist0301#222 poplist0301#224	White Hox	White Hox	498	Hox	0
217	6 refs poplist0301#176 poplist0301#177 poplist0301#178 poplist0301#179 poplist0301#401 poplist0301#402	Leg Arachno	Leg Arachno	556	Arachno	0
218	13 refs poplist0301#320 poplist0301#321 poplist0301#322 poplist0301#323 poplist0301#326 poplist0301#328 poplist0301#330 poplist0301#359 poplist0301#360 poplist0301#361 poplist0301#363 poplist0301#365 poplist0301#367	Admiral Arachno	Admiral Arachno	556	Arachno	0
219	6 refs poplist0301#320 poplist0301#321 poplist0301#323 poplist0301#359 poplist0301#360 poplist0301#361	General Arachno	General Arachno	557	Arachno	0
220	10 refs poplist0301#172 poplist0301#173 poplist0301#174 poplist0301#181 poplist0301#182 poplist0301#256 poplist0301#257 poplist0301#258 poplist0301#267 poplist0301#269	Leg Antol	Leg Antol	560	Antol	0
221	6 refs poplist0301#257 poplist0301#258 poplist0301#259 poplist0301#261 poplist0301#263 poplist0301#265	Prairie Antol	Prairie Antol	560	Antol	0
222	9 refs JNL_quest0301#Monster Quest 2 poplist0301#172 poplist0301#173 poplist0301#174 poplist0301#181 poplist0301#182 poplist0301#256 poplist0301#267 poplist0301#269	Basin Antol	Basin Antol	561	Antol	0
223	4 refs poplist0301#259 poplist0301#261 poplist0301#263 poplist0301#265	Ravine Antol	Ravine Antol	561	Antol	0
224		Antol King	Antol King	565	King	0
225	1 refs poplist0301#180	Gust Vang	Gust Vang	553	Vang	0
226	7 refs JNL_quest0401#Nic's Training poplist0301#270 poplist0301#324 poplist0301#331 poplist0301#344 poplist0301#345 poplist0301#368	Tempest Vang	Tempest Vang	553	Vang	0
227	9 refs poplist0301#315 poplist0301#316 poplist0301#317 poplist0301#318 poplist0301#319 poplist0301#332 poplist0301#333 poplist0301#334 poplist0301#398	Royal Caterpile	Royal Caterpile	567	Caterpile	0
228	15 refs poplist0301#71 poplist0301#74 poplist0301#77 poplist0301#79 poplist0301#81 poplist0301#84 poplist0301#87 poplist0301#90 poplist0301#92 poplist0301#95 poplist0301#98 poplist0301#100 poplist0301#103 poplist0301#166 poplist0301#169	Fine Flier	Fine Flier	574	Flier	0
229	19 refs poplist0301#146 poplist0301#149 poplist0301#152 poplist0301#155 poplist0301#157 poplist0301#166 poplist0301#169 poplist0301#281 poplist0301#294 poplist0301#297 poplist0301#300 poplist0301#303 poplist0301#306 poplist0301#335 poplist0301#338 poplist0301#341 poplist0301#356 poplist0301#425 poplist0301#428	Clowd Flier	Clowd Flier	574	Flier	0
230	30 refs poplist0301#72 poplist0301#75 poplist0301#78 poplist0301#80 poplist0301#82 poplist0301#85 poplist0301#88 poplist0301#91 poplist0301#93 poplist0301#96 poplist0301#99 poplist0301#101 poplist0301#104 poplist0301#147 poplist0301#150 poplist0301#153 poplist0301#156 poplist0301#158 poplist0301#167 poplist0301#170 poplist0301#241 poplist0301#244 poplist0301#247 poplist0301#250 poplist0301#282 poplist0301#298 poplist0301#336 poplist0301#339 poplist0301#342 poplist0301#357	Light Wisp	Light Wisp	575	Wisp	0
231	11 refs poplist0301#295 poplist0301#298 poplist0301#301 poplist0301#304 poplist0301#307 poplist0301#336 poplist0301#339 poplist0301#342 poplist0301#357 poplist0301#426 poplist0301#429	Flash Wisp	Flash Wisp	575	Wisp	0
232	2 refs poplist0301#113 poplist0301#114	Leg Skeeter	Leg Skeeter	569	Skeeter	0
233	8 refs poplist0301#278 poplist0301#309 poplist0301#310 poplist0301#311 poplist0301#312 poplist0301#313 poplist0301#314 poplist0301#392	Leg Lizard	Leg Lizard	524	Lizard	0
234	3 refs poplist0301#403 poplist0301#404 poplist0301#417	Last Rhogul	Last Rhogul	543	Rhogul	0
235	7 refs poplist0301#276 poplist0301#277 poplist0301#286 poplist0301#287 poplist0301#289 poplist0301#292 poplist0301#293	Big Brog	Big Brog	518	Brog	0
236	8 refs JNL_quest0301#Monster Quest 1 - Part 3 poplist0301#55 poplist0301#57 poplist0301#59 poplist0301#61 poplist0301#63 poplist0301#65 poplist0301#67	Field Ponio	Field Ponio	513	Ponio	0
237	7 refs poplist0301#55 poplist0301#57 poplist0301#59 poplist0301#61 poplist0301#63 poplist0301#65 poplist0301#67	Niece Ponio	Niece Ponio	513	Ponio	0
238	11 refs poplist0301#48 poplist0301#49 poplist0301#50 poplist0301#69 poplist0301#115 poplist0301#123 poplist0301#124 poplist0301#125 poplist0301#136 poplist0301#195 poplist0301#196	Spear Tirkin	Spear Tirkin	633	Tirkin	0
239	3 refs poplist0301#133 poplist0301#399 poplist0301#420	Guard Tirkin	Guard Tirkin	633	Tirkin	0
240	20 refs poplist0301#25 poplist0301#377 poplist0301#382 poplist0301#383 poplist0301#386 poplist0301#387 poplist0301#388 poplist0301#389 poplist0301#394 poplist0301#395 poplist0301#396 poplist0301#400 poplist0301#405 poplist0301#406 poplist0301#407 poplist0301#408 poplist0301#412 poplist0301#416 poplist0301#421 poplist0301#422	Lancer Tirkin	Lancer Tirkin	633	Tirkin	0
241	2 refs poplist0301#392 poplist0301#398	Trainer Tirkin	Trainer Tirkin	633	Tirkin	0
242	9 refs poplist0301#116 poplist0301#117 poplist0301#118 poplist0301#119 poplist0301#132 poplist0301#134 poplist0301#135 poplist0301#140 poplist0301#198	Javelin Tirkin	Javelin Tirkin	635	Tirkin	0
243	18 refs JNL_quest0301#Monster Quest 3 - Part 2 poplist0301#14 poplist0301#139 poplist0301#140 poplist0301#195 poplist0301#196 poplist0301#376 poplist0301#379 poplist0301#380 poplist0301#381 poplist0301#393 poplist0301#397 poplist0301#414 poplist0301#416 poplist0301#418 poplist0301#422 poplist0301#423 poplist0301#424	Brave Tirkin	Brave Tirkin	635	Tirkin	0
244	8 refs poplist0301#120 poplist0301#121 poplist0301#122 poplist0301#123 poplist0301#124 poplist0301#136 poplist0301#197 poplist0301#199	Archer Tirkin	Archer Tirkin	637	Tirkin	0
245	10 refs poplist0301#137 poplist0301#138 poplist0301#140 poplist0301#384 poplist0301#385 poplist0301#388 poplist0301#389 poplist0301#414 poplist0301#419 poplist0301#423	Sniper Tirkin	Sniper Tirkin	637	Tirkin	0
246	14 refs poplist0301#377 poplist0301#378 poplist0301#382 poplist0301#383 poplist0301#390 poplist0301#391 poplist0301#405 poplist0301#406 poplist0301#407 poplist0301#408 poplist0301#413 poplist0301#415 poplist0301#421 poplist0301#424	Ranger Tirkin	Ranger Tirkin	637	Tirkin	0
247	10 refs JNL_quest0401#Homs Determination poplist0301#160 poplist0301#161 poplist0301#162 poplist0301#163 poplist0301#209 poplist0301#210 poplist0301#211 poplist0301#212 poplist0301#214	Sloth Gogol	Sloth Gogol	515	Gogol	0
248	8 refs poplist0301#164 poplist0301#213 poplist0301#214 poplist0301#231 poplist0301#233 poplist0301#235 poplist0301#236 poplist0301#238	Greed Gogol	Greed Gogol	515	Gogol	0
249	4 refs poplist0301#232 poplist0301#234 poplist0301#237 poplist0301#239	Gluttony Gogol	Gluttony Gogol	516	Gogol	0
250	6 refs poplist0301#165 poplist0301#347 poplist0301#349 poplist0301#351 poplist0301#353 poplist0301#355	Envy Gogol	Envy Gogol	516	Gogol	0
251	3 refs JNL_quest0701#Dadapon In Trouble poplist0301#193 poplist0301#194	Mount Torta	Mount Torta	595	Torta	0
252	11 refs JNL_quest0301#Monster Quest 3 - Part 1 poplist0301#206 poplist0301#207 poplist0301#253 poplist0301#254 poplist0301#255 poplist0301#369 poplist0301#370 poplist0301#372 poplist0301#374 poplist0301#375	Mechon M64	Mechon M64	423	White	0
253	6 refs poplist0301#204 poplist0301#206 poplist0301#207 poplist0301#253 poplist0301#254 poplist0301#255	Mechon M53	Mechon M53	409	White	0
254	3 refs poplist0301#369 poplist0301#370 poplist0301#372	Mechon M53X	Mechon M53X	409	White	0
255	5 refs poplist0301#201 poplist0301#202 poplist0301#251 poplist0301#252 poplist0301#373	Mechon M32	Mechon M32	414	White	0
256	2 refs poplist0301#200 poplist0301#205	M32 Scout Unit	M32 Scout Unit	414	White	0
257	7 refs poplist0301#203 poplist0301#207 poplist0301#208 poplist0301#251 poplist0301#252 poplist0301#255 poplist0301#371	M42 Scout Unit	M42 Scout Unit	439	White	0
258	2 refs poplist0301#42 poplist0301#47	Leg Piranhax	Leg Piranhax	589	Piranhax	0
259	2 refs poplist0301#272 poplist0301#273	Mellow Sardi	Mellow Sardi	590	Sardi	0
260	4 refs poplist0301#240 poplist0301#243 poplist0301#246 poplist0301#249	Envy Sardi	Envy Sardi	590	Sardi	0
261	11 refs poplist0301#325 poplist0301#327 poplist0301#329 poplist0301#346 poplist0301#348 poplist0301#350 poplist0301#352 poplist0301#354 poplist0301#362 poplist0301#364 poplist0301#366	Pandora Pod	Pandora Pod	652	Arachno	0
262	5 refs poplist0301#260 poplist0301#262 poplist0301#264 poplist0301#266 poplist0301#268	Daksha Pod	Daksha Pod	652	Arachno	0
263	3 refs poplist0301#409 poplist0301#410 poplist0301#411	Leg Tokilos	Leg Tokilos	535	Tokilos	0
264	30 refs poplist0301#73 poplist0301#76 poplist0301#83 poplist0301#86 poplist0301#89 poplist0301#94 poplist0301#97 poplist0301#102 poplist0301#105 poplist0301#148 poplist0301#151 poplist0301#154 poplist0301#159 poplist0301#168 poplist0301#171 poplist0301#242 poplist0301#245 poplist0301#248 poplist0301#283 poplist0301#296 poplist0301#299 poplist0301#302 poplist0301#305 poplist0301#308 poplist0301#337 poplist0301#340 poplist0301#343 poplist0301#358 poplist0301#427 poplist0301#430	Aqua Nebula	Aqua Nebula	599	Saturn	0
265	1 refs poplist0301#5	Mechon M71	Mechon M71	443	White	0
266	1 refs poplist0301#4	Mechon M71	Mechon M71	443	White	0
267	5 refs poplist0301#6 poplist0301#7 poplist0301#8 poplist0301#9 poplist0301#10	Mechon Tentacle	Mechon Tentacle	447	White	0
268	1 refs poplist0301#12	Mysterious Face	Mysterious Face	471	White	897
269	1 refs poplist0301#3	Berserk Ardun	Berserk Ardun	506	Beast	0
270	1 refs poplist0301#13	Napping Volfen	Napping Volfen	500	Volff	0
271	2 refs JNL_quest0301#Challenge 2 - Part 2 poplist0301#14	Vagrant Alfead	Vagrant Alfead	635	Tirkin	0
272	1 refs poplist0301#15	Armoured Rockwell	Armoured Rockwell	595	Torta	0
273	2 refs JNL_quest0301#Challenge 1 - Part 2 poplist0301#16	Violent Andante	Violent Andante	506	Ardun	0
274	2 refs JNL_quest0301#Challenge 1 - Part 1 poplist0301#17	White Eduardo	White Eduardo	520	Brog	0
275	1 refs poplist0301#18	Clifftop Bayern	Clifftop Bayern	565	King	0
276	2 refs JNL_quest0401#Nic's Training poplist0301#19	Canyon Valencia	Canyon Valencia	543	Rhogul	0
277	1 refs poplist0301#20	Night Cardamon	Night Cardamon	575	Wisp	0
278	1 refs poplist0301#21	Mysterious Barnaby	Mysterious Barnaby	557	Arachno	0
279	2 refs JNL_quest0301#Challenge 2 - Part 1 poplist0301#22	Trainer Harmelon	Trainer Harmelon	633	Tirkin	0
280	1 refs poplist0301#22	Berserk Ardun	Berserk Ardun	506	Ardun	0
281	1 refs poplist0301#23	Sniper Paramecia	Sniper Paramecia	637	Tirkin	0
282	2 refs JNL_quest0401#Homs Determination poplist0301#24	Territorial Rotbart	Territorial Rotbart	516	Gogol	0
283	1 refs poplist0301#25	Field Altrich	Field Altrich	635	Tirkin	0
284	1 refs poplist0301#26	Immovable Gonzalez	Immovable Gonzalez	515	Gogol	0
285	2 refs JNL_quest0301#Save the Girl! poplist0301#27	Ferocious Volff	Ferocious Volff	500	Volff	0
286	1 refs poplist0301#28	Fierce Vang	Fierce Vang	553	Vang	0
287	2 refs JNL_quest0301#The Greedy Monster poplist0301#29	Abnormal Brog	Abnormal Brog	520	Brog	0
288	4 refs JNL_quest0401#The Road Home JNL_quest0401#To Colony 6! poplist0301#30 poplist0301#36	Black Smoke Hox	Black Smoke Hox	497	Hox	0
289	4 refs JNL_quest0401#The Road Home JNL_quest0401#To Colony 6! poplist0301#31 poplist0301#37	White Smoke Hox	White Smoke Hox	498	Hox	0
290	1 refs poplist0301#32	Assault Flamii	Assault Flamii	539	Flamii	0
291	2 refs JNL_quest0701#It Definitely Exist! poplist0301#33	Daughter Empress	Daughter Empress	557	Arachno	0
292	2 refs JNL_quest0301#Legend of Mythical Empress poplist0301#34	Mythical Empress	Mythical Empress	563	Queen	0
293		293		635	Tirkin	0
294	2 refs JNL_quest0301#Earnest's Solitude poplist0301#35	Arrogant Tirkin	Arrogant Tirkin	635	Tirkin	0
295	2 refs poplist0301#1 poplist0301#2	Berserk Ardun	Berserk Ardun	506	White	0
296	1 refs poplist0301#11	Dummy Tentacle	Dummy Tentacle	444	White	0
297	2 refs poplist0301#6 poplist0301#7	Mechon Tentacle	Mechon Tentacle	447	White	0
298		298		409	White	0
299		299		409	White	0
300		300		409	White	0
301	5 refs poplist0401#44 poplist0401#47 poplist0401#49 poplist0401#51 poplist0401#54	Colony Flier	Colony Flier	574	Flier	0
302	5 refs poplist0401#49 poplist0401#97 poplist0401#99 poplist0401#102 poplist0401#104	Clima Flier	Clima Flier	574	Flier	0
303	5 refs poplist0401#88 poplist0401#91 poplist0401#94 poplist0401#115 poplist0401#118	Atmos Flier	Atmos Flier	574	Flier	0
304	9 refs poplist0401#45 poplist0401#48 poplist0401#50 poplist0401#52 poplist0401#55 poplist0401#98 poplist0401#100 poplist0401#103 poplist0401#105	Colony Wisp	Colony Wisp	575	Wisp	0
305	5 refs poplist0401#89 poplist0401#92 poplist0401#95 poplist0401#116 poplist0401#119	Bunker Wisp	Bunker Wisp	575	Wisp	0
306	8 refs poplist0401#75 poplist0401#76 poplist0401#77 poplist0401#78 poplist0401#79 poplist0401#80 poplist0401#81 poplist0401#82	Sky Rhogul	Sky Rhogul	543	Rhogul	0
307	7 refs poplist0401#64 poplist0401#66 poplist0401#67 poplist0401#68 poplist0401#70 poplist0401#107 poplist0401#108	Hard Hox	Hard Hox	497	Hox	0
308	6 refs poplist0401#109 poplist0401#111 poplist0401#121 poplist0401#122 poplist0401#123 poplist0401#124	Doom Hox	Doom Hox	497	Hox	0
309	13 refs JNL_quest0401#Safety First poplist0401#39 poplist0401#40 poplist0401#41 poplist0401#42 poplist0401#43 poplist0401#64 poplist0401#65 poplist0401#66 poplist0401#67 poplist0401#68 poplist0401#69 poplist0401#70	Soft Hox	Soft Hox	498	Hox	0
310	3 refs poplist0401#109 poplist0401#110 poplist0401#111	Morule Hox	Morule Hox	498	Hox	0
311	11 refs JNL_quest0401#Safety First poplist0401#36 poplist0401#37 poplist0401#38 poplist0401#56 poplist0401#57 poplist0401#58 poplist0401#59 poplist0401#60 poplist0401#61 poplist0401#63	Yellow Antol	Yellow Antol	560	Antol	0
312	3 refs poplist0401#112 poplist0401#113 poplist0401#114	Flamme Antol	Flamme Antol	560	Antol	0
313	4 refs poplist0401#57 poplist0401#59 poplist0401#61 poplist0401#62	Red Antol	Red Antol	561	Antol	0
314	2 refs poplist0401#112 poplist0401#113	Lubum Antol	Lubum Antol	561	Antol	0
315	15 refs poplist0401#46 poplist0401#53 poplist0401#71 poplist0401#72 poplist0401#73 poplist0401#74 poplist0401#90 poplist0401#93 poplist0401#96 poplist0401#101 poplist0401#106 poplist0401#117 poplist0401#120 poplist0401#142 poplist0401#143	Grom Nebula	Grom Nebula	601	Jupiter	0
316	6 refs JNL_quest0401#Safety First poplist0401#83 poplist0401#84 poplist0401#85 poplist0401#86 poplist0401#87	Water Upa	Water Upa	522	Upa	0
317	1 refs poplist0401#28	Graceful Holand	Graceful Holand	601	Jupiter	0
318	1 refs poplist0401#29	Drifter Jutard	Drifter Jutard	497	Hox	0
319	1 refs poplist0401#30	Lazy Hox	Lazy Hox	497	Hox	0
320	2 refs JNL_quest0401#Defend Colony 6 - Mechon poplist0401#31	Mechon M64 Armour+	Mechon M64 Armour+	423	White	0
321	2 refs JNL_quest0401#Defend Colony 6 - Reptile poplist0401#32	Fiery Igna	Fiery Igna	628	Igna	0
322	2 refs JNL_quest0401#Defend Colony 6 - Elite poplist0401#33	M71 Fire Support	M71 Fire Support	445	White	0
323	2 refs JNL_quest0401#Defend Colony 6 - Ancient poplist0401#34	Ancient Rhogulia	Ancient Rhogulia	544	Rhogul	0
324	2 refs JNL_quest0401#Defend Colony 6 - Demon poplist0401#35	Demon King Dragonia	Demon King Dragonia	529	Dragon	0
325		325		409	Flamii	0
326	2 refs poplist0401#1 poplist0401#3	Mechon M53X	Mechon M53X	409	White	0
327	1 refs poplist0401#1	Mechon M64X	Mechon M64X	423	White	0
328	1 refs poplist0401#2	Mechon M69X	Mechon M69X	428	White	0
329	1 refs poplist0401#4	Dummy	Dummy	466	Mystery	0
330	3 refs poplist0401#5 poplist0401#6 poplist0401#7	Dummy	Dummy	475	White	0
331	4 refs poplist0401#8 poplist0401#9 poplist0401#10 poplist0401#11	Dummy	Dummy	409	White	0
332		Dummy	Dummy	423	White	0
333	5 refs poplist0401#12 poplist0401#13 poplist0401#14 poplist0401#15 poplist0401#16	Dummy	Dummy	428	White	0
334		334		409	Flamii	0
335	2 refs poplist0401#136 poplist0401#137	Kyel Lexos	Kyel Lexos	593	Lexos	0
336	10 refs poplist0401#26 poplist0401#27 poplist0401#130 poplist0401#131 poplist0401#132 poplist0401#133 poplist0401#134 poplist0401#135 poplist0401#140 poplist0401#141	Asha Telethia	Asha Telethia	606	Telethia	0
337	7 refs poplist0401#125 poplist0401#126 poplist0401#127 poplist0401#128 poplist0401#129 poplist0401#138 poplist0401#139	Polkan Telethia	Polkan Telethia	605	Telethia	0
338	1 refs poplist0401#17	Sureny Telethia	Sureny Telethia	605	White	0
339	1 refs poplist0401#18	Sani Telethia	Sani Telethia	610	White	0
340	1 refs poplist0401#20	Inja Telethia	Inja Telethia	606	White	0
341	1 refs poplist0401#19	Sero Telethia	Sero Telethia	608	White	0
342	5 refs poplist0401#21 poplist0401#22 poplist0401#23 poplist0401#24 poplist0401#25	Asara Telethia	Asara Telethia	608	Telethia	0
343		Dummy Telethia D	Dummy Telethia D	609	White	0
344		344		409	White	0
345		345		409	White	0
346		346		409	White	0
347		347		409	White	0
348		348		409	White	0
349		349		409	White	0
350		350		409	White	0
351		351		409	White	0
352		352		409	White	0
353		353		409	White	0
354		354		409	White	0
355		355		409	White	0
356		356		409	White	0
357		357		409	White	0
358		358		409	White	0
359		359		409	White	0
360		360		409	White	0
361		361		409	White	0
362		362		409	White	0
363		363		409	White	0
364		364		409	White	0
365		365		409	White	0
366		366		409	White	0
367		367		409	White	0
368		368		409	White	0
369		369		409	White	0
370		Simple	Simple	489	White	0
371		Rage 1	Rage 1	489	White	0
372		Rage 2	Rage 2	489	White	0
373		Atrophy 1	Atrophy 1	489	White	0
374		Atrophy 2	Atrophy 2	489	White	0
375		Escape Atrophy	Escape Atrophy	489	White	0
376		Restricted Arts 1 (Rage	Restricted Arts 1 (Rage	489	White	0
377		Restricted Arts 2 (Rage	Restricted Arts 2 (Rage	489	White	0
378		Restricted Arts 1 (Atrophy	Restricted Arts 1 (Atrophy	489	White	0
379		Restricted Arts 2 (Atrophy	Restricted Arts 2 (Atrophy	489	White	0
380		Crazed	Crazed	489	White	0
381		Awakening	Awakening	489	White	0
382		Status Change (Weaken	Status Change (Weaken	489	White	0
383		Status Change (Strengthen	Status Change (Strengthen	489	White	0
384		Hit & Away	Hit & Away	489	White	0
385		Long-Distance	Long-Distance	489	White	0
386		Extra Long-Distance	Extra Long-Distance	489	White	0
387		Dinosaur Exception	Dinosaur Exception	528	White	0
388		Target Debuff (Strong	Target Debuff (Strong	489	White	0
389		389		409	White	0
390		390		409	White	0
391		391		409	White	0
392		392		409	White	0
393		393		409	White	0
394		394		409	White	0
395		395		409	White	0
396		396		409	White	0
397		397		409	White	0
398		398		409	White	0
399		399		409	White	0
400		400		409	White	0
401	10 refs poplist0402#9 poplist0402#10 poplist0402#17 poplist0402#18 poplist0402#19 poplist0402#32 poplist0402#33 poplist0402#34 poplist0402#40 poplist0402#43	Colony Upa	Colony Upa	522	Upa	0
402	2 refs poplist0402#41 poplist0402#42	Colony Lizard	Colony Lizard	524	Lizard	0
403	3 refs poplist0402#14 poplist0402#22 poplist0402#24	Junk Krabble	Junk Krabble	583	Krabble	0
404	4 refs poplist0402#16 poplist0402#23 poplist0402#27 poplist0402#28	Rock Krabble	Rock Krabble	584	Krabble	0
405	6 refs poplist0402#15 poplist0402#22 poplist0402#27 poplist0402#28 poplist0402#37 poplist0402#38	Materia Krabble	Materia Krabble	585	Krabble	0
406	8 refs poplist0402#11 poplist0402#20 poplist0402#21 poplist0402#25 poplist0402#26 poplist0402#35 poplist0402#36 poplist0402#39	Drunk Vang	Drunk Vang	554	Vang	0
407	10 refs poplist0402#12 poplist0402#29 poplist0402#53 poplist0402#54 poplist0402#57 poplist0402#62 poplist0402#68 poplist0402#72 poplist0402#75 poplist0402#76	M42 Scout Unit	M42 Scout Unit	439	White	0
408	12 refs poplist0402#13 poplist0402#30 poplist0402#31 poplist0402#46 poplist0402#49 poplist0402#52 poplist0402#56 poplist0402#64 poplist0402#65 poplist0402#66 poplist0402#69 poplist0402#73	Mechon M32X	Mechon M32X	414	White	0
409	4 refs poplist0402#64 poplist0402#67 poplist0402#70 poplist0402#74	M32 Transport Unit	M32 Transport Unit	415	White	0
410	5 refs poplist0402#44 poplist0402#47 poplist0402#51 poplist0402#53 poplist0402#55	Mechon M53X	Mechon M53X	409	White	0
411	10 refs poplist0402#58 poplist0402#68 poplist0402#71 poplist0402#72 poplist0402#75 poplist0402#76 poplist0402#77 poplist0402#78 poplist0402#79 poplist0402#80	Mechon M55	Mechon M55	411	White	0
412	6 refs poplist0402#45 poplist0402#47 poplist0402#48 poplist0402#50 poplist0402#51 poplist0402#53	Mechon M64X	Mechon M64X	423	White	0
413	10 refs poplist0402#54 poplist0402#59 poplist0402#60 poplist0402#61 poplist0402#71 poplist0402#75 poplist0402#76 poplist0402#77 poplist0402#78 poplist0402#81	Mechon M67	Mechon M67	429	White	0
414	2 refs poplist0402#63 poplist0402#82	Mechon M82	Mechon M82	433	White	0
415	2 refs poplist0402#83 poplist0402#84	Mechon M84	Mechon M84	435	White	0
416	2 refs BTL_GimmckBossRescue#3 poplist0402#1	Xord	Xord	472	White	897
417	1 refs poplist0402#4	Xord	Xord	473	White	897
418	2 refs poplist0402#2 poplist0402#3	Mechon M55	Mechon M55	411	White	0
419	2 refs poplist0402#2 poplist0402#3	Mechon M67	Mechon M67	429	White	0
420	1 refs poplist0402#5	Mechon M42	Mechon M42	439	White	0
421	1 refs poplist0402#5	Mechon M32X	Mechon M32X	414	White	0
422	1 refs poplist0402#5	Mechon M53X	Mechon M53X	409	White	0
423	2 refs JNL_quest0401#What is Courage?! poplist0402#6	Elegant Marin	Elegant Marin	585	Krabble	0
424	1 refs poplist0402#8	Vengeful Daulton	Vengeful Daulton	522	Upa	0
425	1 refs poplist0402#7	Dark Kisling	Dark Kisling	554	Vang	0
426		Captured Juju	Captured Juju	422	Yado	0
427		427		409	White	0
428		428		409	White	0
429		429		409	White	0
430		430		409	White	0
431		431		409	White	0
432		432		409	White	0
433		433		409	White	0
434		434		409	White	0
435		435		409	White	0
436		436		409	White	0
437		437		409	White	0
438		438		409	White	0
439		439		409	White	0
440		440		409	White	0
441		441		409	White	0
442		442		409	White	0
443		443		409	White	0
444		444		409	White	0
445		445		409	White	0
446		446		409	White	0
447		447		409	White	0
448		448		409	White	0
449		449		409	White	0
450		450		409	White	0
451		451		409	White	0
452		452		409	White	0
453		453		409	White	0
454		454		409	White	0
455		455		409	White	0
456		456		409	White	0
457		457		409	White	0
458		458		409	White	0
459		459		409	White	0
460		460		409	White	0
461		461		409	White	0
462		462		409	White	0
463		463		409	White	0
464		464		409	White	0
465		465		409	White	0
466		466		409	White	0
467		467		409	White	0
468		468		409	White	0
469		469		409	White	0
470		470		409	White	0
471		471		409	White	0
472		472		409	White	0
473		473		409	White	0
474		474		409	White	0
475		475		409	White	0
476		476		409	White	0
477		477		409	White	0
478		478		409	White	0
479		479		409	White	0
480		480		409	White	0
481		481		409	White	0
482		482		409	White	0
483		483		409	White	0
484		484		409	White	0
485		485		409	White	0
486		486		409	White	0
487		487		409	White	0
488		488		409	White	0
489		489		409	White	0
490		490		409	White	0
491		491		409	White	0
492		492		409	White	0
493		493		409	White	0
494		494		409	White	0
495		495		409	White	0
496		496		409	White	0
497		497		409	White	0
498		498		409	White	0
499		499		409	White	0
500		500		409	White	0
501	20 refs poplist0501#27 poplist0501#37 poplist0501#39 poplist0501#50 poplist0501#52 poplist0501#54 poplist0501#100 poplist0501#102 poplist0501#104 poplist0501#106 poplist0501#108 poplist0501#136 poplist0501#226 poplist0501#228 poplist0501#230 poplist0501#255 poplist0501#313 poplist0501#315 poplist0501#317 poplist0501#321	Aqua Nebula	Aqua Nebula	599	Saturn	0
502	9 refs poplist0501#134 poplist0501#181 poplist0501#183 poplist0501#185 poplist0501#187 poplist0501#189 poplist0501#274 poplist0501#300 poplist0501#302	Wind Nebula	Wind Nebula	597	Uranus	0
503	29 refs poplist0501#28 poplist0501#38 poplist0501#40 poplist0501#51 poplist0501#53 poplist0501#55 poplist0501#101 poplist0501#103 poplist0501#105 poplist0501#107 poplist0501#109 poplist0501#135 poplist0501#137 poplist0501#182 poplist0501#184 poplist0501#186 poplist0501#188 poplist0501#190 poplist0501#227 poplist0501#229 poplist0501#231 poplist0501#256 poplist0501#275 poplist0501#301 poplist0501#303 poplist0501#314 poplist0501#316 poplist0501#318 poplist0501#322	Frost Nebula	Frost Nebula	602	Venus	0
504	12 refs poplist0501#26 poplist0501#29 poplist0501#35 poplist0501#36 poplist0501#41 poplist0501#42 poplist0501#43 poplist0501#44 poplist0501#76 poplist0501#77 poplist0501#78 poplist0501#79	Acid Upa	Acid Upa	522	Upa	0
505	4 refs poplist0501#264 poplist0501#265 poplist0501#266 poplist0501#267	Mad Upa	Mad Upa	523	Upa	0
506	12 refs JNL_quest0501#Monster Quest 3 poplist0501#191 poplist0501#193 poplist0501#209 poplist0501#211 poplist0501#237 poplist0501#239 poplist0501#276 poplist0501#278 poplist0501#280 poplist0501#282 poplist0501#323	Mist Rhogul	Mist Rhogul	543	Rhogul	0
507	11 refs poplist0501#192 poplist0501#194 poplist0501#210 poplist0501#212 poplist0501#238 poplist0501#240 poplist0501#277 poplist0501#279 poplist0501#281 poplist0501#283 poplist0501#324	Satorl Rhogul	Satorl Rhogul	544	Rhogul	0
508	5 refs poplist0501#45 poplist0501#46 poplist0501#244 poplist0501#245 poplist0501#246	Satorl Vang	Satorl Vang	554	Vang	0
509	5 refs poplist0501#298 poplist0501#299 poplist0501#325 poplist0501#326 poplist0501#327	Storm Vang	Storm Vang	554	Vang	0
510	3 refs poplist0501#30 poplist0501#31 poplist0501#33	Satorl Flamii	Satorl Flamii	540	Flamii	0
511	3 refs poplist0501#25 poplist0501#32 poplist0501#34	Marsh Flamii	Marsh Flamii	539	Flamii	0
512	4 refs poplist0501#220 poplist0501#221 poplist0501#222 poplist0501#223	Lacus Flamii	Lacus Flamii	541	Flamii	0
513	49 refs JNL_quest0501#Monster Quest 2 poplist0501#56 poplist0501#58 poplist0501#60 poplist0501#62 poplist0501#64 poplist0501#66 poplist0501#68 poplist0501#70 poplist0501#72 poplist0501#74 poplist0501#80 poplist0501#82 poplist0501#84 poplist0501#86 poplist0501#88 poplist0501#90 poplist0501#92 poplist0501#94 poplist0501#138 poplist0501#140 poplist0501#142 poplist0501#144 poplist0501#146 poplist0501#148 poplist0501#150 poplist0501#152 poplist0501#154 poplist0501#156 poplist0501#158 poplist0501#160 poplist0501#162 poplist0501#164 poplist0501#195 poplist0501#197 poplist0501#199 poplist0501#201 poplist0501#203 poplist0501#205 poplist0501#207 poplist0501#213 poplist0501#215 poplist0501#233 poplist0501#235 poplist0501#247 poplist0501#249 poplist0501#251 poplist0501#253 poplist0501#319	Coppice Quadwing	Coppice Quadwing	550	Quadwing	0
514	49 refs JNL_quest0401#Nic's Final Test poplist0501#57 poplist0501#59 poplist0501#61 poplist0501#63 poplist0501#65 poplist0501#67 poplist0501#69 poplist0501#71 poplist0501#73 poplist0501#75 poplist0501#81 poplist0501#83 poplist0501#85 poplist0501#87 poplist0501#89 poplist0501#91 poplist0501#93 poplist0501#95 poplist0501#139 poplist0501#141 poplist0501#143 poplist0501#145 poplist0501#147 poplist0501#149 poplist0501#151 poplist0501#153 poplist0501#155 poplist0501#157 poplist0501#159 poplist0501#161 poplist0501#163 poplist0501#165 poplist0501#196 poplist0501#198 poplist0501#200 poplist0501#202 poplist0501#204 poplist0501#206 poplist0501#208 poplist0501#214 poplist0501#216 poplist0501#234 poplist0501#236 poplist0501#248 poplist0501#250 poplist0501#252 poplist0501#254 poplist0501#320	Grove Quadwing	Grove Quadwing	551	Quadwing	0
515	6 refs JNL_quest0501#Zazadan in Danger poplist0501#257 poplist0501#258 poplist0501#259 poplist0501#260 poplist0501#261	Ogre Bunnia	Ogre Bunnia	495	Bunnia	0
516	5 refs poplist0501#257 poplist0501#258 poplist0501#259 poplist0501#260 poplist0501#261	Ether Bunnia	Ether Bunnia	496	Bunnia	0
517	5 refs poplist0501#127 poplist0501#128 poplist0501#241 poplist0501#242 poplist0501#243	Poison Brog	Poison Brog	519	Brog	0
518	11 refs JNL_quest0501#Monster Quest 1 poplist0501#47 poplist0501#48 poplist0501#49 poplist0501#96 poplist0501#97 poplist0501#98 poplist0501#99 poplist0501#217 poplist0501#218 poplist0501#219	Detox Brog	Detox Brog	520	Brog	0
519	15 refs poplist0501#110 poplist0501#112 poplist0501#114 poplist0501#116 poplist0501#117 poplist0501#119 poplist0501#121 poplist0501#171 poplist0501#173 poplist0501#175 poplist0501#177 poplist0501#179 poplist0501#232 poplist0501#268 poplist0501#270	Satorl Volff	Satorl Volff	499	Volff	0
520	7 refs JNL_quest0501#Monster Quest 4 poplist0501#171 poplist0501#177 poplist0501#268 poplist0501#270 poplist0501#272 poplist0501#273	Officer Volff	Officer Volff	499	Volff	0
521	3 refs poplist0501#286 poplist0501#287 poplist0501#291	Partner Volff	Partner Volff	499	Volff	0
522	13 refs poplist0501#7 poplist0501#111 poplist0501#113 poplist0501#115 poplist0501#118 poplist0501#120 poplist0501#172 poplist0501#174 poplist0501#176 poplist0501#178 poplist0501#180 poplist0501#269 poplist0501#271	Green Feris	Green Feris	501	Feris	0
523	4 refs poplist0501#262 poplist0501#263 poplist0501#307 poplist0501#312	Satorl Caterpile	Satorl Caterpile	567	Caterpile	0
524	4 refs poplist0501#305 poplist0501#306 poplist0501#310 poplist0501#311	Baelfael Gogol	Baelfael Gogol	517	Gogol	0
525	4 refs poplist0501#13 poplist0501#304 poplist0501#308 poplist0501#309	Baelzeb Gogol	Baelzeb Gogol	517	Gogol	0
526	14 refs poplist0501#5 poplist0501#122 poplist0501#123 poplist0501#124 poplist0501#125 poplist0501#126 poplist0501#129 poplist0501#130 poplist0501#133 poplist0501#284 poplist0501#285 poplist0501#287 poplist0501#288 poplist0501#289	Fighter Igna	Fighter Igna	626	Igna	0
527	2 refs poplist0501#294 poplist0501#295	Shield Igna	Shield Igna	626	Igna	0
528	15 refs poplist0501#5 poplist0501#6 poplist0501#122 poplist0501#123 poplist0501#124 poplist0501#131 poplist0501#132 poplist0501#166 poplist0501#167 poplist0501#168 poplist0501#169 poplist0501#170 poplist0501#285 poplist0501#290 poplist0501#292	Duel Igna	Duel Igna	627	Igna	0
529	2 refs poplist0501#296 poplist0501#297	Guard Igna	Guard Igna	627	Igna	0
530	6 refs poplist0501#284 poplist0501#285 poplist0501#288 poplist0501#289 poplist0501#291 poplist0501#293	Barbaro Igna	Barbaro Igna	628	Igna	0
531	8 refs poplist0501#124 poplist0501#125 poplist0501#126 poplist0501#133 poplist0501#284 poplist0501#285 poplist0501#286 poplist0501#287	Ether Igna	Ether Igna	629	Igna	0
532	2 refs poplist0501#294 poplist0501#295	Mistol Igna	Mistol Igna	629	Igna	0
533	2 refs poplist0501#224 poplist0501#225	Satorl Torta	Satorl Torta	595	Torta	0
534	1 refs poplist0501#1	Satorl Guardian	Satorl Guardian	547	Bird	0
535	2 refs poplist0501#2 poplist0501#3	535		543	Rhogul	0
536	2 refs poplist0501#2 poplist0501#3	536		544	Rhogul	0
537	1 refs poplist0501#12	Eternal Palsadia	Eternal Palsadia	563	Queen	0
538	1 refs poplist0501#5	Cautious Balteid	Cautious Balteid	626	Igna	0
539	1 refs poplist0501#8	Amber Fischer	Amber Fischer	541	Flamii	0
540	1 refs poplist0501#9	Swift Zektol	Swift Zektol	499	Volff	0
541	2 refs JNL_quest0401#Nic's Final Test poplist0501#13	Indomitable Daulton	Indomitable Daulton	517	Gogol	0
542	1 refs poplist0501#4	Stormy Widardun	Stormy Widardun	550	Quadwing	0
543	1 refs poplist0501#11	Reckless Godwin	Reckless Godwin	628	Igna	0
544	1 refs poplist0501#6	Tumultuous Felix	Tumultuous Felix	627	Igna	0
545	1 refs poplist0501#10	Aggressive Cornelius	Aggressive Cornelius	629	Igna	0
546	2 refs JNL_quest0501#Challenge poplist0501#7	Veteran Yozel	Veteran Yozel	501	Feris	0
547	2 refs JNL_quest0501#Zazadan Still in Danger poplist0501#14	Sunlight Schvaik	Sunlight Schvaik	543	Rhogul	0
548	1 refs poplist0501#15	Despotic Arsene	Despotic Arsene	495	Bunnia	0
549	2 refs JNL_quest0401#What is Courage?! poplist0501#16	Hungry Volff	Hungry Volff	499	Volff	0
550	1 refs poplist0501#17	Woeful Upa	Woeful Upa	522	Upa	0
551	4 refs JNL_quest1001#Investigating Satorl JNL_quest1101#Talia's Research poplist0501#18 poplist0501#24	Dogmatic Gogol	Dogmatic Gogol	517	Gogol	0
552	2 refs JNL_quest0501#The Giants' Key poplist0501#19	Deluded Igna	Deluded Igna	626	Igna	0
553	3 refs poplist0501#20 poplist0501#21 poplist0501#22	Deified Queen	Deified Queen	563	Queen	0
554	2 refs JNL_quest0501#The Imperial Ceremony poplist0501#23	Radiant Pterix	Radiant Pterix	530	Pterix	0
555		555		409	White	0
556		556		409	White	0
557		557		409	White	0
558		558		409	White	0
559		559		409	White	0
560		560		409	White	0
561		561		409	White	0
562		562		409	White	0
563		563		409	White	0
564		564		409	White	0
565		565		409	White	0
566		566		409	White	0
567		567		409	White	0
568		568		409	White	0
569		569		409	White	0
570		570		409	White	0
571		571		409	White	0
572		572		409	White	0
573		573		409	White	0
574		574		409	White	0
575		575		409	White	0
576		576		409	White	0
577		577		409	White	0
578		578		409	White	0
579		579		409	White	0
580		580		409	White	0
581		581		409	White	0
582		582		409	White	0
583		583		409	White	0
584		584		409	White	0
585		585		409	White	0
586		586		409	White	0
587		587		409	White	0
588		588		409	White	0
589		589		409	White	0
590		590		409	White	0
591		591		409	White	0
592		592		409	White	0
593		593		409	White	0
594		594		409	White	0
595		595		409	White	0
596		596		409	White	0
597		597		409	White	0
598		598		409	White	0
599		599		409	White	0
600		600		409	White	0
601	6 refs poplist0601#114 poplist0601#116 poplist0601#118 poplist0601#119 poplist0601#169 poplist0601#171	Makna Piranhax	Makna Piranhax	589	Piranhax	0
602	6 refs JNL_quest0701#Monster Quest 1 - Part 2 poplist0601#115 poplist0601#117 poplist0601#120 poplist0601#170 poplist0601#172	Whapol Sardi	Whapol Sardi	590	Sardi	0
603	9 refs poplist0601#276 poplist0601#277 poplist0601#280 poplist0601#281 poplist0601#282 poplist0601#283 poplist0601#284 poplist0601#285 poplist0601#286	Fool Sardi	Fool Sardi	590	Sardi	0
604	10 refs poplist0601#29 poplist0601#31 poplist0601#79 poplist0601#80 poplist0601#262 poplist0601#263 poplist0601#264 poplist0601#265 poplist0601#266 poplist0601#273	Makna Brog	Makna Brog	518	Brog	0
605	23 refs JNL_quest0701#Monster Quest 1 - Part 3 poplist0601#33 poplist0601#34 poplist0601#72 poplist0601#76 poplist0601#81 poplist0601#82 poplist0601#91 poplist0601#95 poplist0601#125 poplist0601#126 poplist0601#127 poplist0601#128 poplist0601#129 poplist0601#150 poplist0601#173 poplist0601#174 poplist0601#175 poplist0601#176 poplist0601#177 poplist0601#181 poplist0601#275 poplist0601#279	Venaes Nebula	Venaes Nebula	599	Saturn	0
606	6 refs poplist0601#71 poplist0601#75 poplist0601#90 poplist0601#94 poplist0601#149 poplist0601#180	Caris Nebula	Caris Nebula	598	Mercury	0
607	15 refs poplist0601#45 poplist0601#58 poplist0601#64 poplist0601#69 poplist0601#73 poplist0601#77 poplist0601#92 poplist0601#96 poplist0601#132 poplist0601#133 poplist0601#134 poplist0601#135 poplist0601#136 poplist0601#151 poplist0601#182	Bagrus Nebula	Bagrus Nebula	600	Mars	0
608	10 refs JNL_quest0601#Monster Quest 4 poplist0601#108 poplist0601#109 poplist0601#110 poplist0601#163 poplist0601#164 poplist0601#165 poplist0601#166 poplist0601#167 poplist0601#230	Makna Eks	Makna Eks	510	Eks	0
609	11 refs JNL_quest0601#Monster Quest 1 poplist0601#26 poplist0601#27 poplist0601#28 poplist0601#51 poplist0601#52 poplist0601#53 poplist0601#54 poplist0601#98 poplist0601#99 poplist0601#100	Jungle Quadwing	Jungle Quadwing	549	Quadwing	0
610	12 refs JNL_quest0601#Monster Quest 3 poplist0601#111 poplist0601#112 poplist0601#113 poplist0601#137 poplist0601#159 poplist0601#160 poplist0601#178 poplist0601#215 poplist0601#217 poplist0601#259 poplist0601#260	Makna Ansel	Makna Ansel	545	Ansel	0
611	19 refs JNL_quest0601#Monster Quest 2 poplist0601#43 poplist0601#44 poplist0601#46 poplist0601#47 poplist0601#48 poplist0601#49 poplist0601#50 poplist0601#60 poplist0601#68 poplist0601#101 poplist0601#102 poplist0601#103 poplist0601#104 poplist0601#154 poplist0601#155 poplist0601#161 poplist0601#184 poplist0601#185	Makna Feris	Makna Feris	501	Feris	0
612	4 refs poplist0601#154 poplist0601#161 poplist0601#183 poplist0601#185	Lupus Feris	Lupus Feris	501	Feris	0
613	3 refs poplist0601#162 poplist0601#216 poplist0601#261	Korlba Pterix	Korlba Pterix	530	Pterix	0
614	5 refs poplist0601#168 poplist0601#229 poplist0601#234 poplist0601#235 poplist0601#236	Deinos Sauros	Deinos Sauros	528	Sauros	0
615	3 refs poplist0601#152 poplist0601#156 poplist0601#157	Laeklit Mammut	Laeklit Mammut	538	Mammut	0
616	16 refs JNL_quest0701#Lousy Lizards poplist0601#57 poplist0601#61 poplist0601#63 poplist0601#70 poplist0601#106 poplist0601#130 poplist0601#139 poplist0601#141 poplist0601#148 poplist0601#238 poplist0601#240 poplist0601#242 poplist0601#244 poplist0601#252 poplist0601#254	Plasma Deinos	Plasma Deinos	525	Deinos	0
617	17 refs JNL_quest0701#Lousy Lizards poplist0601#105 poplist0601#107 poplist0601#131 poplist0601#138 poplist0601#140 poplist0601#142 poplist0601#153 poplist0601#158 poplist0601#237 poplist0601#239 poplist0601#241 poplist0601#243 poplist0601#245 poplist0601#253 poplist0601#255 poplist0601#256	Inferno Deinos	Inferno Deinos	526	Deinos	0
618	14 refs JNL_quest0701#Monster Quest 1 - Part 1 poplist0601#30 poplist0601#32 poplist0601#121 poplist0601#122 poplist0601#123 poplist0601#124 poplist0601#267 poplist0601#268 poplist0601#269 poplist0601#270 poplist0601#271 poplist0601#274 poplist0601#278	Itmos Upa	Itmos Upa	522	Upa	0
619	19 refs poplist0601#189 poplist0601#191 poplist0601#194 poplist0601#195 poplist0601#198 poplist0601#199 poplist0601#200 poplist0601#202 poplist0601#204 poplist0601#206 poplist0601#207 poplist0601#208 poplist0601#210 poplist0601#213 poplist0601#221 poplist0601#225 poplist0601#226 poplist0601#231 poplist0601#233	Bois Hode	Bois Hode	639	Hode	0
620	10 refs poplist0601#194 poplist0601#195 poplist0601#196 poplist0601#198 poplist0601#199 poplist0601#202 poplist0601#204 poplist0601#221 poplist0601#225 poplist0601#226	Bosque Hode	Bosque Hode	640	Hode	0
621	14 refs poplist0601#193 poplist0601#194 poplist0601#195 poplist0601#197 poplist0601#198 poplist0601#199 poplist0601#200 poplist0601#202 poplist0601#203 poplist0601#204 poplist0601#206 poplist0601#207 poplist0601#211 poplist0601#228	Hyle Hode	Hyle Hode	641	Hode	0
622	4 refs poplist0601#188 poplist0601#190 poplist0601#222 poplist0601#232	Scout Hode	Scout Hode	641	Hode	0
623	16 refs poplist0601#186 poplist0601#187 poplist0601#192 poplist0601#193 poplist0601#196 poplist0601#200 poplist0601#205 poplist0601#208 poplist0601#209 poplist0601#210 poplist0601#212 poplist0601#213 poplist0601#214 poplist0601#218 poplist0601#223 poplist0601#233	Sabulum Orluga	Sabulum Orluga	645	Orluga	0
624	7 refs JNL_quest0701#Monster Quest 2 - Part 2 poplist0601#201 poplist0601#207 poplist0601#209 poplist0601#212 poplist0601#214 poplist0601#231	Ammos Orluga	Ammos Orluga	643	Orluga	0
625	10 refs JNL_quest0701#Monster Quest 2 - Part 3 poplist0601#197 poplist0601#203 poplist0601#205 poplist0601#209 poplist0601#211 poplist0601#213 poplist0601#214 poplist0601#218 poplist0601#224	Arena Orluga	Arena Orluga	647	Orluga	0
626	7 refs JNL_quest0701#Monster Quest 2 - Part 1 poplist0601#143 poplist0601#144 poplist0601#145 poplist0601#146 poplist0601#147 poplist0601#179	Terra Orluga	Terra Orluga	646	Orluga	0
627	3 refs poplist0601#287 poplist0601#288 poplist0601#296	Suelo Orluga	Suelo Orluga	646	Orluga	0
628	16 refs JNL_quest0701#Disinsectization poplist0601#19 poplist0601#25 poplist0601#55 poplist0601#56 poplist0601#62 poplist0601#66 poplist0601#83 poplist0601#84 poplist0601#227 poplist0601#246 poplist0601#247 poplist0601#248 poplist0601#249 poplist0601#250 poplist0601#251	Makna Eluca	Makna Eluca	568	Eluca	0
629	15 refs poplist0601#17 poplist0601#18 poplist0601#20 poplist0601#21 poplist0601#22 poplist0601#23 poplist0601#24 poplist0601#59 poplist0601#65 poplist0601#67 poplist0601#74 poplist0601#78 poplist0601#89 poplist0601#93 poplist0601#97	Petra Apis	Petra Apis	571	Apis	0
630	14 refs poplist0601#17 poplist0601#18 poplist0601#20 poplist0601#21 poplist0601#22 poplist0601#23 poplist0601#24 poplist0601#36 poplist0601#38 poplist0601#85 poplist0601#87 poplist0601#89 poplist0601#93 poplist0601#97	Klanis Apis	Klanis Apis	572	Apis	0
631	7 refs poplist0601#37 poplist0601#39 poplist0601#86 poplist0601#88 poplist0601#257 poplist0601#258 poplist0601#272	Hasal Apis	Hasal Apis	573	Apis	0
632	7 refs poplist0601#289 poplist0601#290 poplist0601#291 poplist0601#292 poplist0601#297 poplist0601#298 poplist0601#299	Marmor Apis	Marmor Apis	573	Apis	0
633	6 refs poplist0601#35 poplist0601#40 poplist0601#41 poplist0601#42 poplist0601#219 poplist0601#220	Teneb Vang	Teneb Vang	554	Vang	0
634	5 refs poplist0601#293 poplist0601#294 poplist0601#295 poplist0601#300 poplist0601#301	Buio Vang	Buio Vang	554	Vang	0
635	3 refs poplist0601#302 poplist0601#303 poplist0601#304	Makna Antol	Makna Antol	561	Antol	0
636	2 refs BTL_GimmckBossRescue#4 poplist0601#1	Puera Telethia	Puera Telethia	606	Mystery	0
637	1 refs poplist0601#2	Leone Telethia	Leone Telethia	604	Mystery	0
638	1 refs poplist0601#3	Leone Telethia	Leone Telethia	604	Mystery	0
639	2 refs JNL_quest0701#Challenge 1 poplist0601#12	Agile Albatro	Agile Albatro	545	Ansel	0
640	2 refs JNL_quest0701#Challenge 3 poplist0601#10	Lazy Bluco	Lazy Bluco	568	Eluca	0
641	2 refs JNL_quest0601#Challenge poplist0601#6	Shimmering Forte	Shimmering Forte	526	Deinos	0
642	2 refs JNL_quest0701#Beat Kilaki to it! poplist0601#8	Obsessive Galgaron	Obsessive Galgaron	644	Orluga	0
643	2 refs JNL_quest0701#Challenge 2 poplist0601#7	Breezy Zolos	Breezy Zolos	510	Eks	0
644	1 refs poplist0601#11	Magnificent Digalus	Magnificent Digalus	528	Sauros	0
645	1 refs poplist0601#9	Illustrious Golteus	Illustrious Golteus	530	Pterix	0
646	2 refs JNL_quest0601#Final Challenge of the Sage poplist0601#4	Unreliable Rezno	Unreliable Rezno	593	Lexos	0
647	1 refs poplist0601#13	Brutal Gravar	Brutal Gravar	631	Kromar	0
648	2 refs JNL_quest0101#The Old Soldier's Test poplist0601#5	Elder Gragus	Elder Gragus	549	Quadwing	0
649	2 refs JNL_quest0701#Giant Attack! poplist0601#14	Ashy Orluga	Ashy Orluga	646	Orluga	0
650	2 refs JNL_quest0401#251 poplist0601#15	Mysterious Telethia	Mysterious Telethia	604	Telethia	0
651	1 refs poplist0601#16	Mysterious Telethia Dummy	Mysterious Telethia Dummy	604	Telethia	0
652		652		409	White	0
653		653		409	White	0
654		654		409	White	0
655		655		409	White	0
656		656		409	White	0
657		657		409	White	0
658		658		409	White	0
659		659		409	White	0
660		660		409	White	0
661		661		409	White	0
662		662		409	White	0
663		663		409	White	0
664		664		409	White	0
665		665		409	White	0
666		666		409	White	0
667		667		409	White	0
668		668		409	White	0
669		669		409	White	0
670		670		409	White	0
671		671		409	White	0
672		672		409	White	0
673		673		409	White	0
674		674		409	White	0
675		675		409	White	0
676		676		409	White	0
677		677		409	White	0
678		678		409	White	0
679		679		409	White	0
680		680		409	White	0
681		681		409	White	0
682		682		409	White	0
683		683		409	White	0
684		684		409	White	0
685		685		409	White	0
686		686		409	White	0
687		687		409	White	0
688		688		409	White	0
689		689		409	White	0
690		690		409	White	0
691		691		409	White	0
692		692		409	White	0
693		693		409	White	0
694		694		409	White	0
695		695		409	White	0
696		696		409	White	0
697		697		409	White	0
698		698		409	White	0
699		699		409	White	0
700		700		409	White	0
701		Quadrupedal Machine	Quadrupedal Machine	409	White	0
702		Quadrupedal Machine (Alter	Quadrupedal Machine (Alter	409	White	0
703		Quadrupedal Machine (Blitz	Quadrupedal Machine (Blitz	409	White	0
704		Quadrupedal Machine (Hit	Quadrupedal Machine (Hit	411	White	0
705		Quadrupedal Machine	Quadrupedal Machine	411	White	0
706		Quadrupedal Machine	Quadrupedal Machine	411	White	0
707		Quadrupedal Machine (Cut	Quadrupedal Machine (Cut	412	White	0
708		Quadrupedal Machine	Quadrupedal Machine	412	White	0
709		Quadrupedal Machine	Quadrupedal Machine	412	White	0
710		Wasp Machine	Wasp Machine	414	White	0
711		Wasp Machine (Modify	Wasp Machine (Modify	414	White	0
712		Wasp Machine (Attack	Wasp Machine (Attack	414	White	0
713		Wasp Machine (Hit	Wasp Machine (Hit	417	White	0
714		Wasp Machine	Wasp Machine	418	White	0
715		Wasp Machine	Wasp Machine	421	White	0
716		Wasp Machine (Close	Wasp Machine (Close	419	White	0
717		Wasp Machine	Wasp Machine	419	White	0
718		Wasp Machine	Wasp Machine	420	White	0
719		Android Machine	Android Machine	423	White	0
720		Android Machine	Android Machine	423	White	0
721		Android Machine	Android Machine	423	White	0
722		Android Machine (Eat	Android Machine (Eat	424	White	0
723		Android Machine	Android Machine	425	White	0
724		Android Machine	Android Machine	426	White	0
725		Android Machine (Do	Android Machine (Do	429	White	0
726		Android Machine	Android Machine	430	White	0
727		Android Machine	Android Machine	432	White	0
728		Android Machine (Turbo	Android Machine (Turbo	431	White	0
729		Android Machine	Android Machine	431	White	0
730		Android Machine	Android Machine	427	White	0
731		Large Machine	Large Machine	433	White	0
732		Large Machine	Large Machine	433	White	0
733		Large Machine	Large Machine	433	White	0
734		Large Machine (Seri	Large Machine (Seri	435	White	0
735		Large Machine	Large Machine	436	White	0
736		Large Machine	Large Machine	435	White	0
737		Large Machine (Cannon	Large Machine (Cannon	437	White	0
738		Large Machine	Large Machine	437	White	0
739		Large Machine	Large Machine	437	White	0
740		Scout Machine	Scout Machine	439	White	0
741		Scout Machine	Scout Machine	439	White	0
742		Scout Machine	Scout Machine	439	White	0
743		Scout Machine (Strong	Scout Machine (Strong	441	White	0
744		Scout Machine	Scout Machine	441	White	0
745		Scout Machine	Scout Machine	442	White	0
746		Tentacle	Tentacle	443	White	0
747		Tentacle	Tentacle	445	White	0
748		Tentacle	Tentacle	447	White	0
749		Tentacle	Tentacle	446	White	0
750		Defence Machine (Strong	Defence Machine (Strong	449	White	0
751		Defence Machine	Defence Machine	450	White	0
752		Flying Machine (Sword	Flying Machine (Sword	452	White	0
753		Flying Machine	Flying Machine	452	White	0
754		Flying Machine (Shield	Flying Machine (Shield	453	White	0
755		Flying Machine	Flying Machine	453	White	0
756		Flying Machine (Strong	Flying Machine (Strong	454	White	0
757		Flying Machine	Flying Machine	455	White	0
758		Large Quadrupedal Machine	Large Quadrupedal Machine	456	White	0
759		Large Quadrupedal Machine	Large Quadrupedal Machine	457	White	0
760		Tank Machine	Tank Machine	458	White	0
761		Tank Machine	Tank Machine	459	White	0
762		35m	35m	438	White	0
763		35m	35m	438	White	0
764		E Defence A	E Defence A	464	White	0
765		E Defence A	E Defence A	464	White	0
766		E Defence A New	E Defence A New	465	White	0
767		E Defence A New	E Defence A New	465	White	0
768		E Defence B	E Defence B	461	White	0
769		E Defence B	E Defence B	462	White	0
770		Mass-Produced Xord	Mass-Produced Xord	476	White	0
771		Mass-Produced Xord	Mass-Produced Xord	476	White	0
772		Mass-Produced Xord	Mass-Produced Xord	476	White	0
773		773		451	White	0
774		Confined Mu	Confined Mu	470	White	0
775		Confined Zo	Confined Zo	477	White	0
776		Confined Zo 2	Confined Zo 2	478	White	0
777		Confined Ga	Confined Ga	481	White	0
778		Confined Te	Confined Te	611	White	0
779		779		409	White	0
780		780		409	White	0
781		781		409	White	0
782		782		409	White	0
783		783		409	White	0
784		784		409	White	0
785		785		409	White	0
786		786		409	White	0
787		787		409	White	0
788		788		409	White	0
789		789		409	White	0
790		790		409	White	0
791		791		409	White	0
792		792		409	White	0
793		793		409	White	0
794		794		409	White	0
795		795		409	White	0
796		796		409	White	0
797		797		409	White	0
798		798		409	White	0
799		799		409	White	0
800	2 refs JNL_quest0701#Bana the Betrayer poplist0701#1	Frenzied Bana	Frenzied Bana	532	Pterix	0
801		801		409	White	0
802		802		409	White	0
803		803		409	White	0
804		804		409	White	0
805		805		409	White	0
806		806		409	White	0
807		807		409	White	0
808		808		409	White	0
809		809		409	White	0
810		810		409	White	0
811		811		409	White	0
812		812		409	White	0
813		813		409	White	0
814		814		409	White	0
815		815		409	White	0
816		816		409	White	0
817		817		409	White	0
818		818		409	White	0
819		819		409	White	0
820		820		409	White	0
821		821		409	White	0
822		822		409	White	0
823		823		409	White	0
824		824		409	White	0
825		825		409	White	0
826		826		409	White	0
827		827		409	White	0
828		828		409	White	0
829		829		409	White	0
830		830		409	White	0
831		831		409	White	0
832		832		409	White	0
833		833		409	White	0
834		834		409	White	0
835		835		409	White	0
836		836		409	White	0
837		837		409	White	0
838		838		409	White	0
839		839		409	White	0
840		840		409	White	0
841		841		409	White	0
842		842		409	White	0
843		843		409	White	0
844		844		409	White	0
845		845		409	White	0
846		846		409	White	0
847		847		409	White	0
848		848		409	White	0
849		849		409	White	0
850		850		409	White	0
851		851		409	White	0
852		852		409	White	0
853		853		409	White	0
854		854		409	White	0
855		855		409	White	0
856		856		409	White	0
857		857		409	White	0
858		858		409	White	0
859		859		409	White	0
860		860		409	White	0
861		861		409	White	0
862		862		409	White	0
863		863		409	White	0
864		864		409	White	0
865		865		409	White	0
866		866		409	White	0
867		867		409	White	0
868		868		409	White	0
869		869		409	White	0
870		870		409	White	0
871		871		409	White	0
872		872		409	White	0
873		873		409	White	0
874		874		409	White	0
875		875		409	White	0
876		876		409	White	0
877		877		409	White	0
878		878		409	White	0
879		879		409	White	0
880		880		409	White	0
881		881		409	White	0
882		882		409	White	0
883		883		409	White	0
884		884		409	White	0
885		885		409	White	0
886		886		409	White	0
887		887		409	White	0
888		888		409	White	0
889		889		409	White	0
890		890		409	White	0
891		891		409	White	0
892		892		409	White	0
893		893		409	White	0
894		894		409	White	0
895		895		409	Spider	0
896		896		409	Yado	0
897		897		409	Tuber	0
898		898		409	Bee	0
899		899		409	Armu	0
900		900		409	Bunni	0
901	19 refs poplist0901#5 poplist0901#6 poplist0901#7 poplist0901#8 poplist0901#10 poplist0901#11 poplist0901#15 poplist0901#16 poplist0901#21 poplist0901#23 poplist0901#26 poplist0901#28 poplist0901#31 poplist0901#33 poplist0901#36 poplist0901#38 poplist0901#41 poplist0901#43 poplist0901#45	Nero Andos	Nero Andos	464	White	0
902	13 refs poplist0901#17 poplist0901#19 poplist0901#22 poplist0901#24 poplist0901#27 poplist0901#29 poplist0901#32 poplist0901#34 poplist0901#37 poplist0901#39 poplist0901#42 poplist0901#44 poplist0901#46	Azul Andos	Azul Andos	465	White	0
903	10 refs poplist0901#12 poplist0901#18 poplist0901#20 poplist0901#25 poplist0901#30 poplist0901#35 poplist0901#40 poplist0901#48 poplist0901#50 poplist0901#51	Hover Astas	Hover Astas	461	White	0
904	2 refs poplist0901#47 poplist0901#49	Orluga Rufus	Orluga Rufus	648	Orluga	0
905	1 refs poplist0901#1	Tyrea	Tyrea	613	Ancient	0
906	1 refs poplist0901#1	Solidum Telethia	Solidum Telethia	608	Ancient	0
907	1 refs poplist0901#2	Orluga Rufus	Orluga Rufus	648	Mystery	0
908	1 refs poplist0901#9	Nero Andos	Nero Andos	464	White	0
909	2 refs poplist0901#13 poplist0901#14	Hover Astas	Hover Astas	461	White	0
910	1 refs poplist0901#3	Calm Anzabi	Calm Anzabi	461	White	0
911	1 refs poplist0901#4	Furious Jozan	Furious Jozan	608	Telethia	0
912		912		409	White	0
913		913		409	White	0
914		914		409	White	0
915		915		409	White	0
916		916		409	White	0
917		917		409	White	0
918		918		409	White	0
919		919		409	White	0
920		920		409	White	0
921		921		409	White	0
922		922		409	White	0
923		923		409	White	0
924		924		409	White	0
925		925		409	White	0
926		926		409	White	0
927		927		409	White	0
928		928		409	White	0
929		929		409	White	0
930		Mist Ele (Wind	Mist Ele (Wind	597	White	0
931		Mist Ele (Earth	Mist Ele (Earth	598	White	0
932		Mist Ele (Water	Mist Ele (Water	599	White	0
933		Mist Ele (Fire	Mist Ele (Fire	600	White	0
934		Mist Ele (Lightning	Mist Ele (Lightning	601	White	0
935		Mist Ele (Water	Mist Ele (Water	602	White	0
936		Ele	Ele	464	White	0
937		Ele	Ele	464	White	0
938		Ele	Ele	464	White	0
939		Ele	Ele	464	White	0
940		Antibody A	Antibody A	603	White	0
941		Antibody A	Antibody A	603	White	0
942		Antibody B	Antibody B	448	White	0
943		Antibody B	Antibody B	448	White	0
944		Antibody C	Antibody C	463	White	0
945		Antibody C	Antibody C	463	White	0
946		Antibody	Antibody	464	White	0
947		Antibody	Antibody	464	White	0
948		Antibody E	Antibody E	460	White	0
949		Antibody E	Antibody E	460	White	0
950		Crawler Subspecies (Sword	Crawler Subspecies (Sword	626	White	0
951		Crawler Subspecies (Sword	Crawler Subspecies (Sword	626	White	0
952		Crawler Subspecies (Sword	Crawler Subspecies (Sword	626	White	0
953		Crawler Subspecies (Curve	Crawler Subspecies (Curve	627	White	0
954		Crawler Subspecies (Curve	Crawler Subspecies (Curve	627	White	0
955		Crawler Subspecies (Curve	Crawler Subspecies (Curve	627	White	0
956		Crawler Subspecies (Axe	Crawler Subspecies (Axe	628	White	0
957		Crawler Subspecies (Axe	Crawler Subspecies (Axe	628	White	0
958		Crawler Subspecies (Axe	Crawler Subspecies (Axe	628	White	0
959		Crawler Subspecies (Magic	Crawler Subspecies (Magic	628	White	0
960		Crawler Subspecies (Magic	Crawler Subspecies (Magic	628	White	0
961		Crawler Subspecies (Magic	Crawler Subspecies (Magic	628	White	0
962		E Subspecies (Sword	E Subspecies (Sword	630	White	0
963		E Subspecies (Sword	E Subspecies (Sword	630	White	0
964		E Subspecies (Curve	E Subspecies (Curve	631	White	0
965		E Subspecies (Curve	E Subspecies (Curve	631	White	0
966		E Subspecies (Magic	E Subspecies (Magic	631	White	0
967		E Subspecies (Magic	E Subspecies (Magic	631	White	0
968		E Subspecies (Magic	E Subspecies (Magic	631	White	0
969		Bird Subspecies (Spear	Bird Subspecies (Spear	633	White	0
970		Bird Subspecies (Spear	Bird Subspecies (Spear	633	White	0
971		Bird Subspecies (Spear	Bird Subspecies (Spear	633	White	0
972		Bird Subspecies (Ore Spear	Bird Subspecies (Ore Spear	635	White	0
973		Bird Subspecies (Ore Spear	Bird Subspecies (Ore Spear	635	White	0
974		Bird Subspecies (Ore Spear	Bird Subspecies (Ore Spear	635	White	0
975		Bird Subspecies (Bow	Bird Subspecies (Bow	637	White	0
976		Bird Subspecies (Bow	Bird Subspecies (Bow	637	White	0
977		Bird Subspecies (Bow	Bird Subspecies (Bow	637	White	0
978		Ma Subspecies (Spear	Ma Subspecies (Spear	639	White	0
979		Ma Subspecies (Spear	Ma Subspecies (Spear	639	White	0
980		Ma Subspecies (Staff	Ma Subspecies (Staff	640	White	0
981		Ma Subspecies (Staff	Ma Subspecies (Staff	640	White	0
982		Ma Subspecies (Bow	Ma Subspecies (Bow	641	White	0
983		Ma Subspecies (Bow	Ma Subspecies (Bow	641	White	0
984		Ma Subspecies (Bow B	Ma Subspecies (Bow B	642	White	0
985		Ma Subspecies (Bow B	Ma Subspecies (Bow B	642	White	0
986		Meat Subspecies (Mounted	Meat Subspecies (Mounted	643	White	0
987		Meat Subspecies (Mounted	Meat Subspecies (Mounted	643	White	0
988		Meat Subspecies	Meat Subspecies	645	White	0
989		Meat Subspecies	Meat Subspecies	645	White	0
990		Meat Subspecies (Plain	Meat Subspecies (Plain	646	White	0
991		Meat Subspecies (Plain	Meat Subspecies (Plain	646	White	0
992		Meat Subspecies (Tattoo	Meat Subspecies (Tattoo	647	White	0
993		Meat Subspecies (Tattoo	Meat Subspecies (Tattoo	647	White	0
994		Meat Subspecies (Tomb	Meat Subspecies (Tomb	648	White	0
995		Meat Subspecies (Tomb	Meat Subspecies (Tomb	648	White	0
996		Snow Subspecies (Tomb	Snow Subspecies (Tomb	649	White	0
997		Snow Subspecies (Tomb	Snow Subspecies (Tomb	649	White	0
998		998		409	White	0
999		999		409	White	0
1000		1000		409	White	0
1001	6 refs JNL_quest1101#Monster Quest 2 - Part 3 poplist1001#164 poplist1001#217 poplist1001#245 poplist1001#246 poplist1001#251	Racti Lexos	Racti Lexos	593	Lexos	0
1002	23 refs JNL_quest1101#A Friend in Need poplist1001#31 poplist1001#32 poplist1001#44 poplist1001#45 poplist1001#49 poplist1001#54 poplist1001#55 poplist1001#90 poplist1001#91 poplist1001#103 poplist1001#104 poplist1001#105 poplist1001#125 poplist1001#126 poplist1001#127 poplist1001#128 poplist1001#129 poplist1001#146 poplist1001#147 poplist1001#170 poplist1001#256 poplist1001#257	Eryth Hiln	Eryth Hiln	555	Hiln	0
1003	9 refs JNL_quest1101#Monster Quest 1 - Part 2 poplist1001#61 poplist1001#79 poplist1001#81 poplist1001#186 poplist1001#188 poplist1001#201 poplist1001#203 poplist1001#249	Eryth Ansel	Eryth Ansel	545	Ansel	0
1004	3 refs JNL_quest1101#Monster Quest 1 - Part 3 poplist1001#194 poplist1001#258	Ciconia Ekidno	Ciconia Ekidno	533	Ekidno	0
1005	4 refs JNL_quest1101#Monster Quest 3 - Part 3 poplist1001#177 poplist1001#183 poplist1001#274	Pelargos Ekidno	Pelargos Ekidno	534	Ekidno	0
1006	9 refs JNL_quest1101#Monster Quest 2 - Part 1 poplist1001#62 poplist1001#80 poplist1001#82 poplist1001#187 poplist1001#189 poplist1001#202 poplist1001#204 poplist1001#250	Chloro Laia	Chloro Laia	588	Laia	0
1007	6 refs poplist1001#27 poplist1001#43 poplist1001#162 poplist1001#163 poplist1001#168 poplist1001#169	Lunar Grady	Lunar Grady	591	Grady	0
1008	16 refs poplist1001#88 poplist1001#89 poplist1001#99 poplist1001#100 poplist1001#101 poplist1001#102 poplist1001#121 poplist1001#122 poplist1001#123 poplist1001#124 poplist1001#145 poplist1001#160 poplist1001#161 poplist1001#166 poplist1001#167 poplist1001#178	Sol Grady	Sol Grady	592	Grady	0
1009	4 refs poplist1001#165 poplist1001#253 poplist1001#254 poplist1001#255	Carbon Tude	Carbon Tude	596	Tude	0
1010	15 refs JNL_quest1101#Monster Quest 1 - Part 1 poplist1001#33 poplist1001#34 poplist1001#35 poplist1001#36 poplist1001#94 poplist1001#95 poplist1001#106 poplist1001#107 poplist1001#108 poplist1001#130 poplist1001#131 poplist1001#132 poplist1001#212 poplist1001#213	Cruz Pagul	Cruz Pagul	582	Pagul	0
1011	10 refs JNL_quest1101#Monster Quest 2 - Part 2 poplist1001#117 poplist1001#141 poplist1001#195 poplist1001#196 poplist1001#214 poplist1001#215 poplist1001#216 poplist1001#261 poplist1001#267	Stella Eks	Stella Eks	510	Eks	0
1012	3 refs poplist1001#96 poplist1001#109 poplist1001#110	Eryth Rhana	Eryth Rhana	521	Rhana	0
1013	8 refs poplist1001#28 poplist1001#29 poplist1001#30 poplist1001#70 poplist1001#71 poplist1001#72 poplist1001#220 poplist1001#221	Perna Eluca	Perna Eluca	568	Eluca	0
1014	6 refs JNL_quest1001#Monster Quest 1 poplist1001#197 poplist1001#199 poplist1001#226 poplist1001#237 poplist1001#243	Palti Kromar	Palti Kromar	630	Kromar	0
1015	3 refs JNL_quest1101#Monster Quest 4 - Part 1 poplist1001#244 poplist1001#247	Somati Kromar	Somati Kromar	630	Kromar	0
1016	7 refs poplist1001#5 poplist1001#92 poplist1001#137 poplist1001#138 poplist1001#155 poplist1001#156 poplist1001#159	Goldi Kromar	Goldi Kromar	630	Kromar	0
1017	5 refs poplist1001#115 poplist1001#116 poplist1001#148 poplist1001#149 poplist1001#152	Zeldi Kromar	Zeldi Kromar	630	Kromar	0
1018	6 refs JNL_quest1001#Monster Quest 2 poplist1001#9 poplist1001#198 poplist1001#200 poplist1001#227 poplist1001#238	Maleza Kromar	Maleza Kromar	631	Kromar	0
1019	3 refs JNL_quest1101#Monster Quest 4 - Part 2 poplist1001#240 poplist1001#247	Tussock Kromar	Tussock Kromar	631	Kromar	0
1020	11 refs poplist1001#5 poplist1001#93 poplist1001#137 poplist1001#139 poplist1001#148 poplist1001#150 poplist1001#151 poplist1001#153 poplist1001#154 poplist1001#157 poplist1001#158	Trava Kromar	Trava Kromar	631	Kromar	0
1021	5 refs poplist1001#9 poplist1001#197 poplist1001#199 poplist1001#226 poplist1001#237	Flutes Kromar	Flutes Kromar	632	Kromar	0
1022	4 refs JNL_quest1101#Monster Quest 4 - Part 3 poplist1001#241 poplist1001#242 poplist1001#247	Otol Kromar	Otol Kromar	632	Kromar	0
1023	11 refs poplist1001#115 poplist1001#116 poplist1001#118 poplist1001#119 poplist1001#120 poplist1001#137 poplist1001#140 poplist1001#148 poplist1001#152 poplist1001#155 poplist1001#159	Lograt Kromar	Lograt Kromar	632	Kromar	0
1024	9 refs JNL_quest1101#Monster Quest 3 - Part 1 poplist1001#51 poplist1001#56 poplist1001#58 poplist1001#60 poplist1001#73 poplist1001#142 poplist1001#143 poplist1001#144	Unine Hode	Unine Hode	639	Hode	0
1025	12 refs poplist1001#7 poplist1001#26 poplist1001#173 poplist1001#174 poplist1001#175 poplist1001#180 poplist1001#259 poplist1001#264 poplist1001#265 poplist1001#268 poplist1001#271 poplist1001#276	Tarifa Hode	Tarifa Hode	640	Hode	0
1026	6 refs JNL_quest1101#Back Pain poplist1001#52 poplist1001#57 poplist1001#59 poplist1001#143 poplist1001#144	Archer Hode	Archer Hode	641	Hode	0
1027	3 refs poplist1001#182 poplist1001#260 poplist1001#269	Watcher Hode	Watcher Hode	642	Hode	0
1028	5 refs poplist1001#259 poplist1001#266 poplist1001#272 poplist1001#273 poplist1001#276	Kurian Hode	Kurian Hode	642	Hode	0
1029	2 refs poplist1001#176 poplist1001#179	Possessio Hode	Possessio Hode	641	Hode	0
1030	3 refs poplist1001#53 poplist1001#184 poplist1001#185	Pulse Orluga	Pulse Orluga	646	Orluga	0
1031	5 refs JNL_quest1101#Monster Quest 3 - Part 2 poplist1001#181 poplist1001#270 poplist1001#272 poplist1001#277	Tocos Orluga	Tocos Orluga	643	Orluga	0
1032	12 refs JNL_quest1101#Protect the Capital! poplist1001#47 poplist1001#66 poplist1001#68 poplist1001#76 poplist1001#83 poplist1001#85 poplist1001#190 poplist1001#192 poplist1001#224 poplist1001#232 poplist1001#262	Bono Nebula	Bono Nebula	597	Uranus	0
1033	12 refs JNL_quest1101#Brave Actions poplist1001#37 poplist1001#97 poplist1001#111 poplist1001#113 poplist1001#133 poplist1001#135 poplist1001#171 poplist1001#205 poplist1001#207 poplist1001#209 poplist1001#218	Buono Nebula	Buono Nebula	599	Saturn	0
1034	22 refs poplist1001#38 poplist1001#48 poplist1001#67 poplist1001#69 poplist1001#77 poplist1001#84 poplist1001#86 poplist1001#98 poplist1001#112 poplist1001#114 poplist1001#134 poplist1001#136 poplist1001#172 poplist1001#191 poplist1001#193 poplist1001#206 poplist1001#208 poplist1001#210 poplist1001#219 poplist1001#225 poplist1001#233 poplist1001#263	Bulganon Nebula	Bulganon Nebula	601	Jupiter	0
1035	8 refs poplist1001#46 poplist1001#74 poplist1001#75 poplist1001#222 poplist1001#223 poplist1001#234 poplist1001#235 poplist1001#236	Flavel Andos	Flavel Andos	464	White	0
1036	4 refs poplist1001#63 poplist1001#87 poplist1001#231 poplist1001#248	Aora Telethia	Aora Telethia	605	Telethia	0
1037	11 refs poplist1001#39 poplist1001#40 poplist1001#41 poplist1001#42 poplist1001#50 poplist1001#64 poplist1001#65 poplist1001#78 poplist1001#228 poplist1001#229 poplist1001#239	Arel Telethia	Arel Telethia	606	Telethia	0
1038	4 refs poplist1001#211 poplist1001#230 poplist1001#252 poplist1001#275	Asara Telethia	Asara Telethia	608	Telethia	0
1039	1 refs poplist1001#1	Skyray	Skyray	587	Ancient	0
1040	1 refs poplist1001#11	Cumulus Danaemos	Cumulus Danaemos	534	Ekidno	0
1041	1 refs poplist1001#3	Turbulent Belmo	Turbulent Belmo	555	Hiln	0
1042	1 refs poplist1001#6	Clamorous Dablon	Clamorous Dablon	593	Lexos	0
1043	1 refs poplist1001#10	Sacred Zagamei	Sacred Zagamei	596	Tude	0
1044	1 refs poplist1001#9	Subterranean Zomar	Subterranean Zomar	630	Kromar	0
1045	2 refs JNL_quest1101#Challenge 3 poplist1001#8	Peeling Kircheis	Peeling Kircheis	631	Kromar	0
1046	2 refs JNL_quest1101#Challenge 1 poplist1001#4	Proper Bandaz	Proper Bandaz	582	Pagul	0
1047	1 refs poplist1001#5	Stormy Belagon	Stormy Belagon	632	Kromar	0
1048	1 refs poplist1001#2	Bizarre Ragoel	Bizarre Ragoel	521	Rhana	0
1049	2 refs JNL_quest1001#Punish the Hodes poplist1001#7	Funeral Gozra	Funeral Gozra	643	Orluga	0
1050	2 refs JNL_quest1001#Challenge poplist1001#13	Flabbergasted Jerome	Flabbergasted Jerome	599	Saturn	0
1051	2 refs JNL_quest1101#Challenge 2 poplist1001#15	Tempestuous Edegia	Tempestuous Edegia	588	Laia	0
1052	2 refs JNL_quest1101#Challenge 4 poplist1001#12	Lightspeed Sonid	Lightspeed Sonid	510	Eks	0
1053	1 refs poplist1001#14	Deadly Medorlo	Deadly Medorlo	608	Telethia	0
1054		1054		631	Kromar	0
1055	2 refs JNL_quest1001#Hode Attack poplist1001#16	Confusion Ekidno	Confusion Ekidno	534	Ekidno	0
1056		1056		626	Kromar	0
1057	4 refs JNL_quest1001#Trouble at the Lighthouse poplist1001#17 poplist1001#18 poplist1001#19	Decay Ekidno	Decay Ekidno	533	Ekidno	0
1058		1058		593	Lexos	0
1059	2 refs JNL_quest0701#Mislabelling Problem poplist1001#20	Abominable Hiln	Abominable Hiln	555	Hiln	0
1060	2 refs JNL_quest0701#Avenge a Mamapon's Death poplist1001#21	Pillager Hode	Pillager Hode	640	Hode	0
1061	2 refs JNL_quest1001#503 poplist1001#22	Defensive Kromar	Defensive Kromar	632	Kromar	0
1062	2 refs JNL_quest1001#504 poplist1001#23	Defensive Kromar	Defensive Kromar	632	Kromar	0
1063	2 refs JNL_quest1001#505 poplist1001#24	Defensive Kromar	Defensive Kromar	632	Kromar	0
1064	2 refs JNL_quest1001#506 poplist1001#25	Defensive Kromar	Defensive Kromar	632	Kromar	0
1065		1065		409	White	0
1066		1066		409	White	0
1067		1067		409	White	0
1068		1068		409	White	0
1069		1069		409	White	0
1070		1070		409	White	0
1071		1071		409	White	0
1072		1072		409	White	0
1073		1073		409	White	0
1074		1074		409	White	0
1075		1075		409	White	0
1076		1076		409	White	0
1077		1077		409	White	0
1078		1078		409	White	0
1079		1079		409	White	0
1080		1080		409	White	0
1081		1081		409	White	0
1082		1082		409	White	0
1083		1083		409	White	0
1084		1084		409	White	0
1085		1085		409	White	0
1086		1086		409	White	0
1087		1087		409	White	0
1088		1088		409	White	0
1089		1089		409	White	0
1090		1090		409	White	0
1091		1091		409	White	0
1092		1092		409	White	0
1093		1093		409	White	0
1094		1094		409	White	0
1095		1095		409	White	0
1096		1096		409	White	0
1097		1097		409	White	0
1098		1098		409	White	0
1099		1099		409	White	0
1100		1100		409	White	0
1101	1 refs poplist1101#1	Wizard Entia	Wizard Entia	616	Mystery	0
1102	1 refs poplist1101#1	Scout Entia	Scout Entia	614	Mystery	0
1103	1 refs poplist1101#1	Guard Entia	Guard Entia	615	Mystery	0
1104	8 refs JNL_quest0701#Restoring the Capital poplist1101#13 poplist1101#14 poplist1101#15 poplist1101#16 poplist1101#82 poplist1101#104 poplist1101#105	Aora Telethia	Aora Telethia	605	Telethia	0
1105	83 refs JNL_quest1001#The Only Thing I Can Do JNL_quest1001#I Will Never Forget You poplist1101#22 poplist1101#23 poplist1101#24 poplist1101#25 poplist1101#26 poplist1101#27 poplist1101#28 poplist1101#29 poplist1101#30 poplist1101#31 poplist1101#32 poplist1101#33 poplist1101#34 poplist1101#35 poplist1101#36 poplist1101#37 poplist1101#38 poplist1101#39 poplist1101#40 poplist1101#41 poplist1101#42 poplist1101#43 poplist1101#44 poplist1101#45 poplist1101#46 poplist1101#47 poplist1101#48 poplist1101#49 poplist1101#50 poplist1101#51 poplist1101#52 poplist1101#53 poplist1101#54 poplist1101#55 poplist1101#56 poplist1101#57 poplist1101#58 poplist1101#59 poplist1101#60 poplist1101#61 poplist1101#62 poplist1101#63 poplist1101#64 poplist1101#65 poplist1101#66 poplist1101#67 poplist1101#68 poplist1101#69 poplist1101#70 poplist1101#71 poplist1101#72 poplist1101#73 poplist1101#74 poplist1101#75 poplist1101#76 poplist1101#77 poplist1101#78 poplist1101#79 poplist1101#80 poplist1101#81 poplist1101#83 poplist1101#84 poplist1101#85 poplist1101#86 poplist1101#87 poplist1101#89 poplist1101#90 poplist1101#91 poplist1101#92 poplist1101#93 poplist1101#94 poplist1101#95 poplist1101#96 poplist1101#97 poplist1101#98 poplist1101#99 poplist1101#100 poplist1101#101 poplist1101#102 poplist1101#103 poplist1101#106	Arel Telethia	Arel Telethia	606	Telethia	0
1106	6 refs poplist1101#17 poplist1101#18 poplist1101#19 poplist1101#20 poplist1101#21 poplist1101#88	Asara Telethia	Asara Telethia	608	Telethia	0
1107	2 refs JNL_quest0501#A Merciful End poplist1101#2	Telethia Galvin	Telethia Galvin	606	Telethia	0
1108	2 refs JNL_quest0501#296 poplist1101#3	Telethia Lecrough	Telethia Lecrough	606	Telethia	0
1109	2 refs JNL_quest0501#297 poplist1101#4	Telethia Galdo	Telethia Galdo	606	Telethia	0
1110	2 refs JNL_quest0501#298 poplist1101#5	Telethia Kaelin	Telethia Kaelin	605	Telethia	0
1111	2 refs JNL_quest0501#299 poplist1101#6	Telethia Donnis	Telethia Donnis	608	Telethia	0
1112	2 refs JNL_quest0701#Broken Ether Furnace 2 poplist1101#7	Primordial Telethia	Primordial Telethia	606	Telethia	0
1113	2 refs JNL_quest0701#A Memento of Daddy poplist1101#8	Telethia Vol'aren	Telethia Vol'aren	608	Telethia	0
1114	4 refs JNL_quest1001#The Only Thing I Can Do JNL_quest1001#I Will Never Forget You poplist1101#9 poplist1101#11	Telethia Lesunia	Telethia Lesunia	606	Telethia	0
1115	4 refs JNL_quest1001#The Only Thing I Can Do JNL_quest1001#I Will Never Forget You poplist1101#10 poplist1101#12	Telethia Arielle	Telethia Arielle	606	Telethia	0
1116		1116		409	White	0
1117		1117		409	White	0
1118		1118		409	White	0
1119		1119		409	White	0
1120		1120		409	White	0
1121		1121		409	White	0
1122		1122		409	White	0
1123		1123		409	White	0
1124		1124		409	White	0
1125		1125		409	White	0
1126		1126		409	White	0
1127		1127		409	White	0
1128		1128		409	White	0
1129		1129		409	White	0
1130		1130		409	White	0
1131		Soldier Bug	Soldier Bug	556	White	0
1132		Soldier Bug	Soldier Bug	556	White	0
1133		Soldier Bug	Soldier Bug	558	White	0
1134		Troop Bug	Troop Bug	557	White	0
1135		Troop Bug	Troop Bug	557	White	0
1136		Troop Bug	Troop Bug	557	White	0
1137		Lithe Bug (Yellow	Lithe Bug (Yellow	560	White	0
1138		Lithe Bug (Yellow	Lithe Bug (Yellow	560	White	0
1139		Lithe Bug (Red	Lithe Bug (Red	561	White	0
1140		Lithe Bug (Red	Lithe Bug (Red	562	White	0
1141		Queen Bug	Queen Bug	563	White	0
1142		Queen Bug	Queen Bug	564	White	0
1143		Lithe Queen Bug	Lithe Queen Bug	565	White	0
1144		Lithe Queen Bug	Lithe Queen Bug	565	White	0
1145		Tuber (Yellow	Tuber (Yellow	566	White	0
1146		Tuber (Yellow	Tuber (Yellow	566	White	0
1147		Tuber (Yellow	Tuber (Yellow	566	White	0
1148		Tuber (Red	Tuber (Red	567	White	0
1149		Tuber (Red	Tuber (Red	567	White	0
1150		Tuber (Red	Tuber (Red	567	White	0
1151		Upper Tuber	Upper Tuber	568	White	0
1152		Upper Tuber	Upper Tuber	568	White	0
1153		Upper Tuber	Upper Tuber	568	White	0
1154		Butterfly Bug (Yellow	Butterfly Bug (Yellow	569	White	0
1155		Butterfly Bug	Butterfly Bug	569	White	0
1156		Butterfly Bug	Butterfly Bug	569	White	0
1157		Butterfly Bug (Blue	Butterfly Bug (Blue	570	White	0
1158		Butterfly Bug	Butterfly Bug	570	White	0
1159		Butterfly Bug	Butterfly Bug	570	White	0
1160		Demon Butterfly	Demon Butterfly	574	White	0
1161		Demon Butterfly	Demon Butterfly	574	White	0
1162		Demon Butterfly	Demon Butterfly	574	White	0
1163		Firefly	Firefly	575	White	0
1164		Firefly	Firefly	575	White	0
1165		Firefly	Firefly	575	White	0
1166		Ore Bug	Ore Bug	571	White	0
1167		Ore Bug	Ore Bug	571	White	0
1168		Ore Bug	Ore Bug	571	White	0
1169		Yado	Yado	579	White	0
1170		Yado	Yado	579	White	0
1171		Yado	Yado	581	White	0
1172		Upper Yado	Upper Yado	582	White	0
1173		Upper Yado	Upper Yado	582	White	0
1174		Upper Yado	Upper Yado	582	White	0
1175		Ei A	Ei A	588	White	0
1176		Ei A	Ei A	588	White	0
1177		Ei B	Ei B	586	White	0
1178		Ei B	Ei B	586	White	0
1179		Prison Ei	Prison Ei	587	White	0
1180		Prison Ei	Prison Ei	587	White	0
1181		Lower Fish (Green	Lower Fish (Green	589	White	0
1182		Lower Fish (Green	Lower Fish (Green	589	White	0
1183		Lower Fish (Green	Lower Fish (Green	589	White	0
1184		Lower Fish (Red	Lower Fish (Red	590	White	0
1185		Lower Fish (Red	Lower Fish (Red	590	White	0
1186		Lower Fish (Red	Lower Fish (Red	590	White	0
1187		Upper Fish	Upper Fish	591	White	0
1188		Upper Fish	Upper Fish	591	White	0
1189		Upper Fish	Upper Fish	592	White	0
1190		Sea Dragon	Sea Dragon	593	White	0
1191		Sea Dragon	Sea Dragon	594	White	0
1192		Turtle Fish	Turtle Fish	595	White	0
1193		Turtle Fish	Turtle Fish	595	White	0
1194		Large Turtle	Large Turtle	596	White	0
1195		Giant Turtle	Giant Turtle	596	White	0
1196		1196		409	White	0
1197		1197		409	White	0
1198		1198		409	White	0
1199		1199		409	White	0
1200		1200		409	White	0
1201	5 refs poplist1201#6 poplist1201#7 poplist1201#8 poplist1201#32 poplist1201#33	Emeraude Nebula	Emeraude Nebula	597	Uranus	0
1202	4 refs poplist1201#9 poplist1201#10 poplist1201#34 poplist1201#35	Saldox Nebula	Saldox Nebula	601	Jupiter	0
1203	41 refs poplist1201#11 poplist1201#12 poplist1201#13 poplist1201#14 poplist1201#15 poplist1201#16 poplist1201#17 poplist1201#18 poplist1201#19 poplist1201#20 poplist1201#21 poplist1201#22 poplist1201#23 poplist1201#24 poplist1201#25 poplist1201#26 poplist1201#27 poplist1201#28 poplist1201#29 poplist1201#30 poplist1201#31 poplist1201#36 poplist1201#37 poplist1201#38 poplist1201#39 poplist1201#40 poplist1201#41 poplist1201#42 poplist1201#43 poplist1201#44 poplist1201#45 poplist1201#46 poplist1201#47 poplist1201#48 poplist1201#49 poplist1201#50 poplist1201#51 poplist1201#52 poplist1201#53 poplist1201#54 poplist1201#55	Eques Skyray	Eques Skyray	587	Skyray	0
1204	1 refs poplist1201#2	Dummy Nemesis	Dummy Nemesis	483	White	0
1205	1 refs poplist1201#1	Metal Face	Metal Face	469	White	896
1206	3 refs poplist1201#3 poplist1201#4 poplist1201#5	Dummy Face	Dummy Face	475	White	0
1207		1207		409	White	0
1208		1208		409	White	0
1209		1209		409	White	0
1210		1210		409	White	0
1211		1211		409	White	0
1212		1212		409	White	0
1213		1213		409	White	0
1214		1214		409	White	0
1215		1215		409	White	0
1216		1216		409	White	0
1217		1217		409	White	0
1218		1218		409	White	0
1219		1219		409	White	0
1220		1220		409	White	0
1221		1221		409	White	0
1222		1222		409	White	0
1223		1223		409	White	0
1224		1224		409	White	0
1225		1225		409	White	0
1226		1226		409	White	0
1227		1227		409	White	0
1228		1228		409	White	0
1229		1229		409	White	0
1230		1230		409	White	0
1231		1231		409	White	0
1232		1232		409	White	0
1233		1233		409	White	0
1234		1234		409	White	0
1235		1235		409	White	0
1236		1236		409	White	0
1237		1237		409	White	0
1238		1238		409	White	0
1239		Fla	Fla	539	White	0
1240		Fla (White	Fla (White	539	White	0
1241		Fla	Fla	539	White	0
1242		Prison Fla	Prison Fla	542	White	0
1243		Prison Fla	Prison Fla	542	White	0
1244		Rock Bird	Rock Bird	543	White	0
1245		Rock Bird	Rock Bird	543	White	0
1246		Rock Bird	Rock Bird	544	White	0
1247		Bird of Paradise	Bird of Paradise	545	White	0
1248		Bird of Paradise	Bird of Paradise	546	White	0
1249		Bird of Paradise	Bird of Paradise	547	White	0
1250		Owl (Brown	Owl (Brown	549	White	0
1251		Owl (Brown	Owl (Brown	549	White	0
1252		Owl (Brown	Owl (Brown	549	White	0
1253		Gargoyle	Gargoyle	552	White	0
1254		Gargoyle	Gargoyle	552	White	0
1255		Bat (Blue	Bat (Blue	553	White	0
1256		Bat (Blue	Bat (Blue	553	White	0
1257		Bat (Blue	Bat (Blue	553	White	0
1258		Bat (Purple	Bat (Purple	554	White	0
1259		Bat (Purple	Bat (Purple	554	White	0
1260		Bat (Purple	Bat (Purple	554	White	0
1261		Sea Bird	Sea Bird	555	White	0
1262		Sea Bird	Sea Bird	555	White	0
1263		Sea Bird	Sea Bird	555	White	0
1264		Tele A (Wild	Tele A (Wild	604	White	0
1265		Tele A	Tele A	604	White	0
1266		Tele B (Wild	Tele B (Wild	605	White	0
1267		Tele B	Tele B	605	White	0
1268		Tele C (Wild	Tele C (Wild	606	White	0
1269		Tele C	Tele C	606	White	0
1270		Tele (Wild	Tele (Wild	608	White	0
1271		Tele	Tele	608	White	0
1272		Elite Tele	Elite Tele	610	White	0
1273		Elite Tele	Elite Tele	610	White	0
1274		Lorithia	Lorithia	612	White	0
1275		Lorithia	Lorithia	612	White	0
1276		Tyrea	Tyrea	613	White	0
1277		Tyrea	Tyrea	613	White	0
1278		Assassination (Sword	Assassination (Sword	614	White	0
1279		Assassination (Shield	Assassination (Shield	615	White	0
1280		Assassination (Magic	Assassination (Magic	616	White	0
1281		Dickson	Dickson	617	White	0
1282		Dickson	Dickson	617	White	0
1283		Silk Zanza	Silk Zanza	619	White	0
1284		Silk Zanza	Silk Zanza	619	White	0
1285		Zanza Aide A	Zanza Aide A	620	White	0
1286		Zanza Aide B	Zanza Aide B	620	White	0
1287		Machine Mumkhar	Machine Mumkhar	624	White	0
1288		Machine Mumkhar	Machine Mumkhar	624	White	0
1289		Living Egil	Living Egil	625	White	0
1290		Living Egil	Living Egil	625	White	0
1291		Mumkhar Machine	Mumkhar Machine	466	White	0
1292		Mumkhar Machine	Mumkhar Machine	468	White	0
1293		Xord Machine	Xord Machine	471	White	0
1294		Xord Machine	Xord Machine	471	White	0
1295		Gadolt Machine	Gadolt Machine	479	White	0
1296		Gadolt Machine	Gadolt Machine	479	White	0
1297		Fio Machine	Fio Machine	482	White	0
1298		Fio Machine	Fio Machine	482	White	0
1299		Egil Machine	Egil Machine	484	White	0
1300		Egil Machine	Egil Machine	484	White	0
1301	3 refs poplist1202#68 poplist1202#69 poplist1202#70	Uragano Nebula	Uragano Nebula	597	Uranus	0
1302	3 refs poplist1202#16 poplist1202#17 poplist1202#18	Randa Nebula	Randa Nebula	598	Mercury	0
1303	3 refs poplist1202#41 poplist1202#42 poplist1202#43	Fiume Nebula	Fiume Nebula	599	Saturn	0
1304	2 refs poplist1202#59 poplist1202#60	Cratere Nebula	Cratere Nebula	600	Mars	0
1305	2 refs poplist1202#89 poplist1202#90	Solare Nebula	Solare Nebula	601	Jupiter	0
1306	3 refs poplist1202#63 poplist1202#64 poplist1202#65	Gracile Nebula	Gracile Nebula	602	Venus	0
1307	7 refs poplist1202#49 poplist1202#50 poplist1202#51 poplist1202#52 poplist1202#53 poplist1202#57 poplist1202#58	Tored Ageshu	Tored Ageshu	542	Ageshu	0
1308	8 refs poplist1202#91 poplist1202#92 poplist1202#93 poplist1202#94 poplist1202#95 poplist1202#96 poplist1202#97 poplist1202#98	Gimran Egel	Gimran Egel	552	Egel	0
1309	5 refs poplist1202#7 poplist1202#54 poplist1202#55 poplist1202#56 poplist1202#66	Babel Deinos	Babel Deinos	527	Deinos	0
1310	41 refs poplist1202#19 poplist1202#20 poplist1202#21 poplist1202#22 poplist1202#23 poplist1202#24 poplist1202#25 poplist1202#26 poplist1202#27 poplist1202#28 poplist1202#29 poplist1202#30 poplist1202#31 poplist1202#32 poplist1202#33 poplist1202#34 poplist1202#35 poplist1202#36 poplist1202#37 poplist1202#71 poplist1202#72 poplist1202#73 poplist1202#74 poplist1202#75 poplist1202#76 poplist1202#77 poplist1202#78 poplist1202#79 poplist1202#80 poplist1202#81 poplist1202#82 poplist1202#83 poplist1202#84 poplist1202#85 poplist1202#86 poplist1202#87 poplist1202#88 poplist1202#99 poplist1202#100 poplist1202#101 poplist1202#102	Newgate Laia	Newgate Laia	587	Laia	0
1311	5 refs poplist1202#44 poplist1202#45 poplist1202#46 poplist1202#47 poplist1202#48	Obart Obart	Obart Obart	514	Obart	0
1312	4 refs poplist1202#38 poplist1202#39 poplist1202#40 poplist1202#67	Babeli Barg	Babeli Barg	512	Barg	0
1313	1 refs poplist1202#9	Caura Balgas	Caura Balgas	509	Balgas	0
1314	2 refs poplist1202#61 poplist1202#62	Sanjibal Behemoth	Sanjibal Behemoth	537	Behemoth	0
1315	1 refs poplist1202#3	Dragon King Alcar	Dragon King Alcar	529	White	0
1316	1 refs poplist1202#1	Disciple Dickson	Disciple Dickson	617	White	904
1317	1 refs poplist1202#2	Disciple Dickson	Disciple Dickson	618	White	904
1318	1 refs poplist1202#4	Abnormal Clone Barg	Abnormal Clone Barg	512	Barg	0
1319	1 refs poplist1202#5	Majestic Clone Barg	Majestic Clone Barg	512	Barg	0
1320	1 refs poplist1202#6	Ageless Moabit	Ageless Moabit	598	Mercury	0
1321	1 refs poplist1202#7	Serene Imlaly	Serene Imlaly	527	Deinos	0
1322	1 refs poplist1202#8	Cold Ageshu	Cold Ageshu	542	Ageshu	0
1323	1 refs poplist1202#9	Fiendish Auburn	Fiendish Auburn	509	Balgas	0
1324	1 refs poplist1202#10	Masterful Gigapur	Masterful Gigapur	587	Laia	0
1325	1 refs poplist1202#11	Inferno Heinrich	Inferno Heinrich	600	Mars	0
1326	1 refs poplist1202#12	Obelis Obart	Obelis Obart	514	Obart	0
1327	1 refs poplist1202#13	Master Obart	Master Obart	514	Obart	0
1328	1 refs poplist1202#14	Demon Pavlovsk	Demon Pavlovsk	537	Behemoth	0
1329	1 refs poplist1202#15	Dummy Obart	Dummy Obart	514	Obart	0
1330		1330		409	White	0
1331		1331		409	White	0
1332		1332		409	White	0
1333		1333		409	White	0
1334		1334		409	White	0
1335		1335		409	White	0
1336		1336		409	White	0
1337		1337		409	White	0
1338		1338		409	White	0
1339		1339		409	White	0
1340		1340		409	White	0
1341		1341		409	White	0
1342		1342		409	White	0
1343		1343		409	White	0
1344		1344		409	White	0
1345		1345		409	White	0
1346		1346		409	White	0
1347		1347		409	White	0
1348		1348		409	White	0
1349		1349		409	White	0
1350		1350		409	White	0
1351		1351		409	White	0
1352		1352		409	White	0
1353		1353		409	White	0
1354		1354		409	White	0
1355		1355		409	White	0
1356		1356		409	White	0
1357		1357		409	White	0
1358		1358		409	White	0
1359		1359		409	White	0
1360		1360		409	White	0
1361		1361		409	White	0
1362		1362		409	White	0
1363		1363		409	White	0
1364		1364		409	White	0
1365		1365		409	White	0
1366		1366		409	White	0
1367		1367		409	White	0
1368		1368		409	White	0
1369		1369		409	White	0
1370		1370		409	White	0
1371		1371		409	White	0
1372		1372		409	White	0
1373		1373		409	White	0
1374		1374		409	White	0
1375		1375		409	White	0
1376		1376		409	White	0
1377		1377		409	White	0
1378		1378		409	White	0
1379		1379		409	White	0
1380		1380		409	White	0
1381		1381		409	White	0
1382		1382		409	White	0
1383		1383		409	White	0
1384		1384		409	White	0
1385		1385		409	White	0
1386		1386		409	White	0
1387		1387		409	White	0
1388		1388		409	White	0
1389		1389		409	White	0
1390		1390		409	White	0
1391		1391		409	White	0
1392		1392		409	White	0
1393		1393		409	White	0
1394		1394		409	White	0
1395		1395		409	White	0
1396		1396		409	White	0
1397		1397		409	White	0
1398		1398		409	White	0
1399		1399		409	White	0
1400		1400		409	White	0
1401	58 refs poplist1301#10 poplist1301#22 poplist1301#23 poplist1301#24 poplist1301#25 poplist1301#26 poplist1301#27 poplist1301#52 poplist1301#53 poplist1301#54 poplist1301#55 poplist1301#56 poplist1301#57 poplist1301#58 poplist1301#59 poplist1301#60 poplist1301#61 poplist1301#88 poplist1301#89 poplist1301#90 poplist1301#98 poplist1301#99 poplist1301#100 poplist1301#101 poplist1301#102 poplist1301#103 poplist1301#152 poplist1301#179 poplist1301#180 poplist1301#181 poplist1301#199 poplist1301#206 poplist1301#207 poplist1301#208 poplist1301#209 poplist1301#210 poplist1301#225 poplist1301#226 poplist1301#248 poplist1301#249 poplist1301#278 poplist1301#371 poplist1301#372 poplist1301#373 poplist1301#374 poplist1301#375 poplist1301#376 poplist1301#377 poplist1301#420 poplist1301#421 poplist1301#439 poplist1301#440 poplist1301#441 poplist1301#442 poplist1301#451 poplist1301#452 poplist1301#455 poplist1301#456	Reef Nebula	Reef Nebula	602	Venus	0
1402	6 refs poplist1301#295 poplist1301#296 poplist1301#300 poplist1301#301 poplist1301#302 poplist1301#303	Ucan Nebula	Ucan Nebula	600	Mars	0
1403	10 refs poplist1301#285 poplist1301#308 poplist1301#312 poplist1301#314 poplist1301#386 poplist1301#398 poplist1301#400 poplist1301#402 poplist1301#445 poplist1301#447	Zefa Ories	Zefa Ories	508	Ories	0
1404	10 refs poplist1301#286 poplist1301#309 poplist1301#313 poplist1301#315 poplist1301#387 poplist1301#399 poplist1301#401 poplist1301#403 poplist1301#446 poplist1301#448	Zegia Ories	Zegia Ories	508	Ories	0
1405	24 refs poplist1301#241 poplist1301#243 poplist1301#256 poplist1301#258 poplist1301#260 poplist1301#262 poplist1301#270 poplist1301#272 poplist1301#274 poplist1301#276 poplist1301#285 poplist1301#287 poplist1301#308 poplist1301#310 poplist1301#312 poplist1301#314 poplist1301#386 poplist1301#396 poplist1301#398 poplist1301#400 poplist1301#402 poplist1301#404 poplist1301#445 poplist1301#447	Costa Aries	Costa Aries	507	Aries	0
1406	25 refs poplist1301#7 poplist1301#242 poplist1301#244 poplist1301#257 poplist1301#259 poplist1301#261 poplist1301#263 poplist1301#271 poplist1301#273 poplist1301#275 poplist1301#277 poplist1301#286 poplist1301#288 poplist1301#309 poplist1301#311 poplist1301#313 poplist1301#315 poplist1301#387 poplist1301#397 poplist1301#399 poplist1301#401 poplist1301#403 poplist1301#405 poplist1301#446 poplist1301#448	Hista Aries	Hista Aries	507	Aries	0
1407	11 refs poplist1301#62 poplist1301#64 poplist1301#66 poplist1301#68 poplist1301#70 poplist1301#211 poplist1301#212 poplist1301#214 poplist1301#216 poplist1301#218 poplist1301#220	Setor Eks	Setor Eks	511	Eks	0
1408	10 refs poplist1301#63 poplist1301#65 poplist1301#67 poplist1301#69 poplist1301#71 poplist1301#213 poplist1301#215 poplist1301#217 poplist1301#219 poplist1301#221	Feltl Eks	Feltl Eks	511	Eks	0
1409	31 refs JNL_quest1301#Monster Quest 1 poplist1301#28 poplist1301#30 poplist1301#32 poplist1301#34 poplist1301#36 poplist1301#38 poplist1301#80 poplist1301#82 poplist1301#84 poplist1301#86 poplist1301#104 poplist1301#106 poplist1301#108 poplist1301#110 poplist1301#112 poplist1301#114 poplist1301#153 poplist1301#155 poplist1301#161 poplist1301#173 poplist1301#175 poplist1301#177 poplist1301#200 poplist1301#227 poplist1301#229 poplist1301#231 poplist1301#233 poplist1301#235 poplist1301#237 poplist1301#239	Monta Moramora	Monta Moramora	586	Moramora	0
1410	30 refs poplist1301#29 poplist1301#31 poplist1301#33 poplist1301#35 poplist1301#37 poplist1301#39 poplist1301#81 poplist1301#83 poplist1301#85 poplist1301#87 poplist1301#105 poplist1301#107 poplist1301#109 poplist1301#111 poplist1301#113 poplist1301#115 poplist1301#154 poplist1301#156 poplist1301#162 poplist1301#174 poplist1301#176 poplist1301#178 poplist1301#201 poplist1301#228 poplist1301#230 poplist1301#232 poplist1301#234 poplist1301#236 poplist1301#238 poplist1301#240	Lophos Moramora	Lophos Moramora	586	Moramora	0
1411	38 refs poplist1301#250 poplist1301#252 poplist1301#254 poplist1301#264 poplist1301#279 poplist1301#281 poplist1301#283 poplist1301#289 poplist1301#316 poplist1301#318 poplist1301#320 poplist1301#337 poplist1301#339 poplist1301#341 poplist1301#346 poplist1301#348 poplist1301#351 poplist1301#353 poplist1301#355 poplist1301#357 poplist1301#359 poplist1301#361 poplist1301#363 poplist1301#365 poplist1301#367 poplist1301#369 poplist1301#388 poplist1301#390 poplist1301#392 poplist1301#394 poplist1301#406 poplist1301#408 poplist1301#410 poplist1301#422 poplist1301#429 poplist1301#431 poplist1301#443 poplist1301#457	Atomis Ansel	Atomis Ansel	546	Ansel	0
1412	38 refs poplist1301#251 poplist1301#253 poplist1301#255 poplist1301#265 poplist1301#280 poplist1301#282 poplist1301#284 poplist1301#290 poplist1301#317 poplist1301#319 poplist1301#321 poplist1301#338 poplist1301#340 poplist1301#342 poplist1301#347 poplist1301#349 poplist1301#352 poplist1301#354 poplist1301#356 poplist1301#358 poplist1301#360 poplist1301#362 poplist1301#364 poplist1301#366 poplist1301#368 poplist1301#370 poplist1301#389 poplist1301#391 poplist1301#393 poplist1301#395 poplist1301#407 poplist1301#409 poplist1301#411 poplist1301#423 poplist1301#430 poplist1301#432 poplist1301#444 poplist1301#458	Atomizek Ansel	Atomizek Ansel	548	Ansel	0
1413	16 refs poplist1301#330 poplist1301#332 poplist1301#333 poplist1301#335 poplist1301#380 poplist1301#382 poplist1301#384 poplist1301#412 poplist1301#414 poplist1301#416 poplist1301#418 poplist1301#433 poplist1301#435 poplist1301#437 poplist1301#449 poplist1301#453	Krawli Slobos	Krawli Slobos	649	Slobos	0
1414	15 refs poplist1301#331 poplist1301#334 poplist1301#336 poplist1301#381 poplist1301#383 poplist1301#385 poplist1301#413 poplist1301#415 poplist1301#417 poplist1301#419 poplist1301#434 poplist1301#436 poplist1301#438 poplist1301#450 poplist1301#454	Krawla Slobos	Krawla Slobos	649	Slobos	0
1415	3 refs poplist1301#20 poplist1301#202 poplist1301#204	Glory Slobos	Glory Slobos	649	Slobos	0
1416	3 refs poplist1301#21 poplist1301#203 poplist1301#205	Gloria Slobos	Gloria Slobos	649	Slobos	0
1417	6 refs poplist1301#40 poplist1301#41 poplist1301#42 poplist1301#76 poplist1301#78 poplist1301#222	Latio Apis	Latio Apis	576	Apis	0
1418	6 refs poplist1301#43 poplist1301#46 poplist1301#49 poplist1301#77 poplist1301#79 poplist1301#223	Corladio Apis	Corladio Apis	577	Apis	0
1419	7 refs poplist1301#44 poplist1301#45 poplist1301#47 poplist1301#48 poplist1301#50 poplist1301#51 poplist1301#224	Crista Apis	Crista Apis	578	Apis	0
1420	23 refs JNL_quest1301#Chilkins and Antols poplist1301#72 poplist1301#73 poplist1301#74 poplist1301#149 poplist1301#150 poplist1301#163 poplist1301#164 poplist1301#166 poplist1301#169 poplist1301#170 poplist1301#172 poplist1301#247 poplist1301#268 poplist1301#322 poplist1301#323 poplist1301#325 poplist1301#327 poplist1301#328 poplist1301#343 poplist1301#344 poplist1301#345 poplist1301#350	Poleaxe Chilkin	Poleaxe Chilkin	634	Chilkin	0
1421	5 refs poplist1301#137 poplist1301#141 poplist1301#143 poplist1301#145 poplist1301#147	Fork Chilkin	Fork Chilkin	634	Chilkin	0
1422	13 refs poplist1301#148 poplist1301#151 poplist1301#165 poplist1301#167 poplist1301#168 poplist1301#171 poplist1301#245 poplist1301#246 poplist1301#266 poplist1301#269 poplist1301#325 poplist1301#327 poplist1301#343	Fuchsia Chilkin	Fuchsia Chilkin	636	Chilkin	0
1423	31 refs JNL_quest1301#Monster Quest 3 poplist1301#5 poplist1301#72 poplist1301#73 poplist1301#75 poplist1301#148 poplist1301#149 poplist1301#150 poplist1301#151 poplist1301#163 poplist1301#165 poplist1301#166 poplist1301#167 poplist1301#168 poplist1301#169 poplist1301#170 poplist1301#171 poplist1301#245 poplist1301#246 poplist1301#266 poplist1301#267 poplist1301#269 poplist1301#323 poplist1301#324 poplist1301#325 poplist1301#326 poplist1301#327 poplist1301#329 poplist1301#343 poplist1301#344 poplist1301#350	Bow Chilkin	Bow Chilkin	638	Chilkin	0
1424	5 refs JNL_quest1301#Monster Quest 4 poplist1301#91 poplist1301#93 poplist1301#157 poplist1301#159	Sesna Lexos	Sesna Lexos	593	Lexos	0
1425	4 refs poplist1301#92 poplist1301#94 poplist1301#158 poplist1301#160	Sestago Lexos	Sestago Lexos	594	Lexos	0
1426	3 refs poplist1301#304 poplist1301#306 poplist1301#378	Snowi Taos	Snowi Taos	535	Taos	0
1427	3 refs poplist1301#305 poplist1301#307 poplist1301#379	Snowal Taos	Snowal Taos	536	Taos	0
1428	9 refs JNL_quest1301#Monster Quest 2 poplist1301#95 poplist1301#96 poplist1301#97 poplist1301#424 poplist1301#425 poplist1301#426 poplist1301#427 poplist1301#428	Sparas Pagul	Sparas Pagul	582	Pagul	0
1429	5 refs poplist1301#18 poplist1301#123 poplist1301#184 poplist1301#187 poplist1301#191	Entma King	Entma King	565	King	0
1430	26 refs JNL_quest1301#Chilkins and Antols poplist1301#19 poplist1301#116 poplist1301#117 poplist1301#118 poplist1301#119 poplist1301#120 poplist1301#121 poplist1301#122 poplist1301#124 poplist1301#129 poplist1301#131 poplist1301#133 poplist1301#135 poplist1301#138 poplist1301#182 poplist1301#183 poplist1301#185 poplist1301#186 poplist1301#188 poplist1301#190 poplist1301#192 poplist1301#194 poplist1301#196 poplist1301#197 poplist1301#198	Ent Antol	Ent Antol	562	Antol	0
1431	6 refs poplist1301#125 poplist1301#126 poplist1301#127 poplist1301#292 poplist1301#294 poplist1301#299	Sierra Vang	Sierra Vang	554	Vang	0
1432	2 refs poplist1301#293 poplist1301#297	Noto Feris	Noto Feris	501	Feris	0
1433	2 refs poplist1301#291 poplist1301#298	Porcu Hox	Porcu Hox	498	Hox	0
1434	7 refs poplist1301#128 poplist1301#130 poplist1301#132 poplist1301#134 poplist1301#189 poplist1301#193 poplist1301#195	Teterra Pod	Teterra Pod	652	Arachno	0
1435	6 refs poplist1301#136 poplist1301#139 poplist1301#140 poplist1301#142 poplist1301#144 poplist1301#146	Bonterra Pod	Bonterra Pod	652	Arachno	0
1436	1 refs poplist1301#1	Mumkhar	Mumkhar	624	White	901
1437	1 refs poplist1301#7	Agile Barbatos	Agile Barbatos	508	Ories	0
1438	1 refs poplist1301#9	Final Marcus	Final Marcus	649	Slobos	0
1439	2 refs JNL_quest1301#The Balance of Power poplist1301#8	Banquet Vassago	Banquet Vassago	636	Chilkin	0
1440	1 refs poplist1301#6	Hidden Gamigin	Hidden Gamigin	536	Taos	0
1441	1 refs poplist1301#10	Vague Barbas	Vague Barbas	602	Venus	0
1442	1 refs poplist1301#4	Exposure Wolfol	Exposure Wolfol	594	Lexos	0
1443	1 refs poplist1301#11	Wandering Amon	Wandering Amon	511	Ponio	0
1444	1 refs poplist1301#3	Moonlight Paimon	Moonlight Paimon	600	Mars	0
1445	1 refs poplist1301#5	Glorious Buer	Glorious Buer	634	Chilkin	0
1446	1 refs poplist1301#2	North Star Gusion	North Star Gusion	593	Lexos	0
1447	2 refs JNL_quest1301#The Balance of Power poplist1301#12	Barbaric Sitri	Barbaric Sitri	565	King	0
1448	1 refs poplist1301#13	Avalanche Abaasy	Avalanche Abaasy	529	Dragon	0
1449	1 refs poplist1301#14	Blizzard Belgazas	Blizzard Belgazas	537	Behemoth	0
1450	2 refs JNL_quest1301#Bad Timing poplist1301#15	Cunning Chilkin	Cunning Chilkin	636	Chilkin	0
1451	2 refs JNL_quest1301#649 poplist1301#16	Invited Slobos	Invited Slobos	649	Slobos	0
1452	1 refs poplist1301#17	Conflagrant Raxeal	Conflagrant Raxeal	594	Lexos	0
1453		1453		409	White	0
1454		1454		409	White	0
1455		1455		409	White	0
1456		1456		409	White	0
1457		1457		409	White	0
1458		1458		409	White	0
1459		1459		409	White	0
1460		1460		409	White	0
1461		1461		409	White	0
1462		1462		409	White	0
1463		1463		409	White	0
1464		1464		409	White	0
1465		1465		409	White	0
1466		1466		409	White	0
1467		1467		409	White	0
1468		1468		409	White	0
1469		1469		409	White	0
1470		1470		409	White	0
1471		1471		409	White	0
1472		1472		409	White	0
1473		1473		409	White	0
1474		1474		409	White	0
1475		1475		409	White	0
1476		1476		409	White	0
1477		1477		409	White	0
1478		1478		409	White	0
1479		1479		409	White	0
1480		1480		409	White	0
1481		1481		409	White	0
1482		1482		409	White	0
1483		1483		409	White	0
1484		1484		409	White	0
1485		1485		409	White	0
1486		1486		409	White	0
1487		1487		409	White	0
1488		1488		409	White	0
1489		1489		409	White	0
1490		1490		409	White	0
1491		1491		409	White	0
1492		1492		409	White	0
1493		1493		409	White	0
1494		1494		409	White	0
1495		1495		409	White	0
1496		1496		409	White	0
1497		1497		409	White	0
1498		1498		409	White	0
1499		1499		409	White	0
1500		1500		409	White	0
1501	2 refs JNL_quest1401#714 poplist1401#5	Mechon M72	Mechon M72	428	Spider	0
1502	2 refs JNL_quest1401#712 poplist1401#8	Mechon M63	Mechon M63	423	Yado	0
1503	2 refs JNL_quest1401#714 poplist1401#7	Mechon M69	Mechon M69	410	Yado	0
1504	2 refs JNL_quest1401#713 poplist1401#9	Mechon M82	Mechon M82	433	Yado	0
1505	2 refs JNL_quest1401#714 poplist1401#6	Mechon M63	Mechon M63	423	Yado	0
1506	6 refs poplist1401#13 poplist1401#14 poplist1401#15 poplist1401#16 poplist1401#17 poplist1401#18	Wasp Unit Mechon	Wasp Unit Mechon	416	White	0
1507	1 refs poplist1401#22	Quadrupedal Mechon	Quadrupedal Mechon	410	White	0
1508	2 refs poplist1401#19 poplist1401#23	Large Mechon	Large Mechon	434	White	0
1509		Mechon M63	Mechon M63	423	Tuber	0
1510	2 refs poplist1401#20 poplist1401#21	Android Mechon	Android Mechon	428	Spider	0
1511	3 refs poplist1401#10 poplist1401#11 poplist1401#12	Fallen Homs Soldier	Fallen Homs Soldier	654	Bee	0
1512		1512		409	White	0
1513		1513		409	White	0
1514		1514		409	White	0
1515		1515		409	White	0
1516		1516		409	White	0
1517		1517		409	White	0
1518		1518		409	White	0
1519		1519		409	White	0
1520		1520		409	White	0
1521	29 refs poplist1401#30 poplist1401#40 poplist1401#42 poplist1401#45 poplist1401#53 poplist1401#54 poplist1401#60 poplist1401#61 poplist1401#63 poplist1401#67 poplist1401#68 poplist1401#69 poplist1401#70 poplist1401#85 poplist1401#86 poplist1401#91 poplist1401#92 poplist1401#108 poplist1401#110 poplist1401#113 poplist1401#115 poplist1401#116 poplist1401#118 poplist1401#123 poplist1401#128 poplist1401#129 poplist1401#132 poplist1401#133 poplist1401#135	Offensive Mechon Plus	Offensive Mechon Plus	452	White	0
1522	4 refs poplist1401#35 poplist1401#55 poplist1401#95 poplist1401#96	M104 Fortress Unit	M104 Fortress Unit	438	White	0
1523	3 refs poplist1401#71 poplist1401#73 poplist1401#75	M71 Flexible Unit	M71 Flexible Unit	445	White	0
1524	3 refs poplist1401#72 poplist1401#74 poplist1401#76	Mechon M78 Flex+	Mechon M78 Flex+	447	White	0
1525	15 refs poplist1401#29 poplist1401#56 poplist1401#57 poplist1401#58 poplist1401#64 poplist1401#65 poplist1401#66 poplist1401#80 poplist1401#81 poplist1401#84 poplist1401#88 poplist1401#97 poplist1401#98 poplist1401#100 poplist1401#102	M82 Melee Unit	M82 Melee Unit	433	White	0
1526	7 refs poplist1401#120 poplist1401#122 poplist1401#125 poplist1401#126 poplist1401#127 poplist1401#130 poplist1401#134	M82X Melee Unit	M82X Melee Unit	435	White	0
1527	18 refs poplist1401#24 poplist1401#25 poplist1401#26 poplist1401#33 poplist1401#38 poplist1401#44 poplist1401#46 poplist1401#47 poplist1401#48 poplist1401#50 poplist1401#51 poplist1401#59 poplist1401#62 poplist1401#64 poplist1401#65 poplist1401#66 poplist1401#82 poplist1401#90	M63X Android Unit	M63X Android Unit	425	White	0
1528	8 refs poplist1401#58 poplist1401#62 poplist1401#66 poplist1401#78 poplist1401#79 poplist1401#83 poplist1401#87 poplist1401#90	M63 Harvester Unit	M63 Harvester Unit	426	White	0
1529	14 refs poplist1401#31 poplist1401#93 poplist1401#94 poplist1401#99 poplist1401#100 poplist1401#102 poplist1401#107 poplist1401#109 poplist1401#111 poplist1401#117 poplist1401#119 poplist1401#121 poplist1401#131 poplist1401#134	M63 Destruction Unit	M63 Destruction Unit	430	White	0
1530	10 refs poplist1401#34 poplist1401#36 poplist1401#37 poplist1401#39 poplist1401#41 poplist1401#43 poplist1401#44 poplist1401#49 poplist1401#53 poplist1401#54	M34 Honey Bee Unit	M34 Honey Bee Unit	414	White	0
1531	12 refs poplist1401#93 poplist1401#94 poplist1401#101 poplist1401#103 poplist1401#104 poplist1401#106 poplist1401#108 poplist1401#110 poplist1401#113 poplist1401#114 poplist1401#115 poplist1401#116	M35 Woodpecker Unit	M35 Woodpecker Unit	417	White	0
1532	15 refs poplist1401#33 poplist1401#36 poplist1401#37 poplist1401#38 poplist1401#41 poplist1401#43 poplist1401#44 poplist1401#46 poplist1401#47 poplist1401#59 poplist1401#64 poplist1401#82 poplist1401#83 poplist1401#87 poplist1401#89	M54 Armoured Unit	M54 Armoured Unit	409	White	0
1533	12 refs poplist1401#99 poplist1401#100 poplist1401#105 poplist1401#107 poplist1401#109 poplist1401#117 poplist1401#119 poplist1401#120 poplist1401#121 poplist1401#124 poplist1401#134 poplist1401#136	M54 Attack Unit	M54 Attack Unit	411	White	0
1534	5 refs poplist1401#52 poplist1401#77 poplist1401#79 poplist1401#112 poplist1401#119	M46 Covert Killer	M46 Covert Killer	439	White	0
1535	1 refs poplist1401#1	Mumkhar	Mumkhar	468	White	896
1536		Mumkhar	Mumkhar	468	White	896
1537		Mumkhar	Mumkhar	468	White	896
1538	1 refs poplist1401#1	Mass-Produced Face	Mass-Produced Face	476	White	897
1539	2 refs JNL_quest1401#Secure Dolgan Outpost poplist1401#24	Prudent Purson	Prudent Purson	425	White	0
1540	2 refs JNL_quest1401#Secure Enalda Control Base poplist1401#26	Tranquil Morax	Tranquil Morax	426	White	0
1541	1 refs poplist1401#25	Defective Ipos	Defective Ipos	426	White	0
1542	1 refs poplist1401#27	Benevolent Aim	Benevolent Aim	433	White	0
1543	1 refs poplist1401#28	Mischievious Naberius	Mischievious Naberius	438	White	0
1544	1 refs poplist1401#29	Fate Labolas	Fate Labolas	411	White	0
1545	1 refs poplist1401#30	Kamikaze Bune	Kamikaze Bune	452	White	0
1546	2 refs JNL_quest1401#Secure the Radio Tower poplist1401#31	Lightning Ronove	Lightning Ronove	435	White	0
1547	2 refs JNL_quest1401#3rd Gate Front Line poplist1401#32	Reinforcement M104	Reinforcement M104	438	White	0
1548	3 refs poplist1401#2 poplist1401#3 poplist1401#4	Mass-Produced Dummy	Mass-Produced Dummy	476	White	0
1549		1549		409	White	0
1550		1550		409	White	0
1551		1551		409	White	0
1552		1552		409	White	0
1553		1553		409	White	0
1554		1554		409	White	0
1555		1555		409	White	0
1556		1556		409	White	0
1557		1557		409	White	0
1558		1558		409	White	0
1559		1559		409	White	0
1560		1560		409	White	0
1561		1561		409	White	0
1562		1562		409	White	0
1563		1563		409	White	0
1564		1564		409	White	0
1565		1565		409	White	0
1566		1566		409	White	0
1567		1567		409	White	0
1568		1568		409	White	0
1569		1569		409	White	0
1570		1570		409	White	0
1571		1571		409	White	0
1572		1572		409	White	0
1573		1573		409	White	0
1574		1574		409	White	0
1575		1575		409	White	0
1576		1576		409	White	0
1577		1577		409	White	0
1578		1578		409	White	0
1579		1579		409	White	0
1580		1580		409	White	0
1581		1581		409	White	0
1582		1582		409	White	0
1583		1583		409	White	0
1584		1584		409	White	0
1585		1585		409	White	0
1586		1586		409	White	0
1587		1587		409	White	0
1588		1588		409	White	0
1589		1589		409	White	0
1590		1590		409	White	0
1591		1591		409	White	0
1592		1592		409	White	0
1593		1593		409	White	0
1594		1594		409	White	0
1595		1595		409	White	0
1596		1596		409	White	0
1597		1597		409	White	0
1598		1598		409	White	0
1599		1599		409	White	0
1600		1600		409	White	0
1601		1601		456	White	0
1602	3 refs poplist1501#61 poplist1501#63 poplist1501#70	M48 Sentry Unit	M48 Sentry Unit	441	White	0
1603	5 refs poplist1501#62 poplist1501#64 poplist1501#71 poplist1501#76 poplist1501#77	Offensive Scout Unit	Offensive Scout Unit	452	White	0
1604	3 refs poplist1501#68 poplist1501#69 poplist1501#74	M66 Production Unit	M66 Production Unit	425	White	0
1605	23 refs poplist1501#37 poplist1501#38 poplist1501#39 poplist1501#40 poplist1501#41 poplist1501#42 poplist1501#43 poplist1501#44 poplist1501#45 poplist1501#46 poplist1501#47 poplist1501#48 poplist1501#49 poplist1501#50 poplist1501#51 poplist1501#52 poplist1501#53 poplist1501#54 poplist1501#55 poplist1501#56 poplist1501#57 poplist1501#58 poplist1501#59	M66 Supply Unit	M66 Supply Unit	425	White	0
1606	5 refs poplist1501#35 poplist1501#36 poplist1501#60 poplist1501#65 poplist1501#75	M65 Hunter Unit	M65 Hunter Unit	426	White	0
1607	1 refs poplist1501#34	M68 Construction Unit	M68 Construction Unit	430	White	0
1608	1 refs poplist1501#66	M85 Infantry Unit	M85 Infantry Unit	433	White	0
1609	2 refs poplist1501#78 poplist1501#79	M85 Sergeant	M85 Sergeant	435	White	0
1610	3 refs poplist1501#36 poplist1501#65 poplist1501#73	M35 Wasp Unit	M35 Wasp Unit	414	White	0
1611	2 refs poplist1501#72 poplist1501#73	M34 Hornet Unit	M34 Hornet Unit	417	White	0
1612	3 refs poplist1501#35 poplist1501#67 poplist1501#75	M58 Tactical Unit	M58 Tactical Unit	409	White	0
1613	3 refs poplist1501#34 poplist1501#67 poplist1501#74	M59 Captain	M59 Captain	411	White	0
1614	1 refs poplist1501#29	Precious Retrato	Precious Retrato	425	White	0
1615	2 refs poplist1501#30 poplist1501#32	Glacier Acon	Glacier Acon	430	White	0
1616	1 refs poplist1501#31	Glorious Jurom	Glorious Jurom	435	White	0
1617	1 refs poplist1501#33	Sentinel Mechon	Sentinel Mechon	426	White	0
1618	1 refs poplist1501#3	Face Nemesis	Face Nemesis	482	White	900
1619	1 refs poplist1501#2	Face Nemesis	Face Nemesis	482	White	900
1620	2 refs JNL_quest1501#739 poplist1501#4	Defensive Guard Unit	Defensive Guard Unit	449	White	0
1621	2 refs JNL_quest1501#740 poplist1501#5	M94 Guard Unit	M94 Guard Unit	456	White	0
1622	1 refs poplist1501#1	Gold Face	Gold Face	484	White	899
1623	2 refs JNL_quest1501#741 poplist1501#6	Defensive Guard Unit	Defensive Guard Unit	449	White	0
1624	2 refs JNL_quest1501#742 poplist1501#7	M94 Guard Unit	M94 Guard Unit	456	White	0
1625	14 refs poplist1501#8 poplist1501#10 poplist1501#11 poplist1501#13 poplist1501#14 poplist1501#16 poplist1501#18 poplist1501#19 poplist1501#21 poplist1501#23 poplist1501#24 poplist1501#25 poplist1501#27 poplist1501#28	Man-Eater Dummy	Man-Eater Dummy	424	White	0
1626	7 refs poplist1501#9 poplist1501#12 poplist1501#15 poplist1501#17 poplist1501#20 poplist1501#22 poplist1501#26	Supply Unit Dummy	Supply Unit Dummy	425	White	0
1627		1627		409	White	0
1628		1628		409	White	0
1629		1629		409	White	0
1630		1630		409	White	0
1631		1631		409	White	0
1632		1632		409	White	0
1633		1633		409	White	0
1634		1634		409	White	0
1635		1635		409	White	0
1636		1636		409	White	0
1637		1637		409	White	0
1638		1638		409	White	0
1639		1639		409	White	0
1640		1640		409	White	0
1641		1641		409	White	0
1642		1642		409	White	0
1643		1643		409	White	0
1644		1644		409	White	0
1645		1645		409	White	0
1646		1646		409	White	0
1647		1647		409	White	0
1648		1648		409	White	0
1649		1649		409	White	0
1650		1650		409	White	0
1651		1651		409	White	0
1652		1652		409	White	0
1653		1653		409	White	0
1654		1654		409	White	0
1655		1655		409	White	0
1656		1656		409	White	0
1657		1657		409	White	0
1658		1658		409	White	0
1659		1659		409	White	0
1660		1660		409	White	0
1661		1661		409	White	0
1662		1662		409	White	0
1663		1663		409	White	0
1664		1664		409	White	0
1665		1665		409	White	0
1666		1666		409	White	0
1667		1667		409	White	0
1668		1668		409	White	0
1669		1669		409	White	0
1670		1670		409	White	0
1671		1671		409	White	0
1672		1672		409	White	0
1673		1673		409	White	0
1674		1674		409	White	0
1675		1675		409	White	0
1676		1676		409	White	0
1677		1677		409	White	0
1678		1678		409	White	0
1679		1679		409	White	0
1680		1680		409	White	0
1681		1681		409	White	0
1682		1682		409	White	0
1683		1683		409	White	0
1684		1684		409	White	0
1685		1685		409	White	0
1686		1686		409	White	0
1687		1687		409	White	0
1688		1688		409	White	0
1689		1689		409	White	0
1690		1690		409	White	0
1691		1691		409	White	0
1692		1692		409	White	0
1693		1693		409	White	0
1694		1694		409	White	0
1695		1695		409	White	0
1696		1696		409	White	0
1697		1697		409	White	0
1698		1698		409	White	0
1699		1699		409	White	0
1700		1700		409	White	0
1701	8 refs JNL_quest1601#Powerless poplist1601#74 poplist1601#75 poplist1601#76 poplist1601#77 poplist1601#109 poplist1601#110 poplist1601#114	M35 Prototype	M35 Prototype	421	White	0
1702	11 refs poplist1601#107 poplist1601#119 poplist1601#120 poplist1601#122 poplist1601#136 poplist1601#139 poplist1601#140 poplist1601#142 poplist1601#152 poplist1601#154 poplist1601#171	M37 Worker Bee Unit	M37 Worker Bee Unit	417	White	0
1703	5 refs poplist1601#72 poplist1601#73 poplist1601#104 poplist1601#111 poplist1601#137	Scout Unit Prototype	Scout Unit Prototype	442	White	0
1704	3 refs poplist1601#135 poplist1601#141 poplist1601#151	Mechon M46X	Mechon M46X	441	White	0
1705	11 refs JNL_quest1601#Stop the Mechon Rampage! poplist1601#73 poplist1601#75 poplist1601#76 poplist1601#77 poplist1601#105 poplist1601#108 poplist1601#113 poplist1601#116 poplist1601#117 poplist1601#121	M56 Prototype	M56 Prototype	413	White	0
1706	6 refs poplist1601#105 poplist1601#106 poplist1601#113 poplist1601#116 poplist1601#119 poplist1601#121	M87 Prototype	M87 Prototype	432	White	0
1707	7 refs JNL_quest1601#Protect the Village poplist1601#126 poplist1601#127 poplist1601#130 poplist1601#133 poplist1601#138 poplist1601#153	M85 Meteor Artillery	M85 Meteor Artillery	435	White	0
1708	11 refs JNL_quest1601#A Tough Battle poplist1601#112 poplist1601#125 poplist1601#127 poplist1601#129 poplist1601#132 poplist1601#136 poplist1601#138 poplist1601#142 poplist1601#152 poplist1601#153	Offensive Seeker Unit	Offensive Seeker Unit	452	White	0
1709	6 refs poplist1601#112 poplist1601#125 poplist1601#127 poplist1601#131 poplist1601#134 poplist1601#138	Offensive Security Unit	Offensive Security Unit	453	White	0
1710	8 refs poplist1601#17 poplist1601#18 poplist1601#19 poplist1601#20 poplist1601#25 poplist1601#26 poplist1601#27 poplist1601#28	Kukukoro Flamii	Kukukoro Flamii	540	Flamii	0
1711	7 refs poplist1601#43 poplist1601#44 poplist1601#45 poplist1601#46 poplist1601#52 poplist1601#53 poplist1601#54	Fair Piranhax	Fair Piranhax	589	Piranhax	0
1712	3 refs JNL_quest1601#A Tough Battle poplist1601#47 poplist1601#128	Lelepago Pterix	Lelepago Pterix	530	Pterix	0
1713	11 refs JNL_quest1601#Powerless poplist1601#48 poplist1601#50 poplist1601#57 poplist1601#58 poplist1601#59 poplist1601#69 poplist1601#71 poplist1601#82 poplist1601#84 poplist1601#86	Lampo Ponio	Lampo Ponio	513	Ponio	0
1714	11 refs poplist1601#21 poplist1601#22 poplist1601#23 poplist1601#24 poplist1601#29 poplist1601#30 poplist1601#31 poplist1601#32 poplist1601#33 poplist1601#34 poplist1601#35	Oros Krabble	Oros Krabble	580	Krabble	0
1715	8 refs poplist1601#78 poplist1601#79 poplist1601#80 poplist1601#81 poplist1601#115 poplist1601#118 poplist1601#123 poplist1601#124	Corriente Krabble	Corriente Krabble	579	Krabble	0
1716	13 refs JNL_quest1601#A Tough Battle poplist1601#6 poplist1601#49 poplist1601#51 poplist1601#60 poplist1601#61 poplist1601#62 poplist1601#63 poplist1601#68 poplist1601#70 poplist1601#83 poplist1601#85 poplist1601#87	Caelum Volff	Caelum Volff	500	Volff	0
1717	3 refs JNL_quest1601#Powerless poplist1601#5 poplist1601#42	Prado Upa	Prado Upa	523	Upa	0
1718	8 refs poplist1601#37 poplist1601#39 poplist1601#40 poplist1601#41 poplist1601#92 poplist1601#93 poplist1601#94 poplist1601#95	Rius Antol	Rius Antol	560	Antol	0
1719	6 refs JNL_quest1601#Powerless poplist1601#36 poplist1601#38 poplist1601#41 poplist1601#93 poplist1601#94	Aura Antol	Aura Antol	561	Antol	0
1720	21 refs poplist1601#55 poplist1601#64 poplist1601#66 poplist1601#88 poplist1601#90 poplist1601#96 poplist1601#98 poplist1601#100 poplist1601#102 poplist1601#143 poplist1601#145 poplist1601#147 poplist1601#149 poplist1601#155 poplist1601#157 poplist1601#159 poplist1601#161 poplist1601#163 poplist1601#165 poplist1601#167 poplist1601#169	Happiness Flier	Happiness Flier	574	Flier	0
1721	21 refs poplist1601#56 poplist1601#65 poplist1601#67 poplist1601#89 poplist1601#91 poplist1601#97 poplist1601#99 poplist1601#101 poplist1601#103 poplist1601#144 poplist1601#146 poplist1601#148 poplist1601#150 poplist1601#156 poplist1601#158 poplist1601#160 poplist1601#162 poplist1601#164 poplist1601#166 poplist1601#168 poplist1601#170	Tramont Wisp	Tramont Wisp	575	Wisp	0
1722	1 refs poplist1601#3	M83 Predator Unit	M83 Predator Unit	426	White	0
1723	1 refs poplist1601#3	M54 Slayer Unit	M54 Slayer Unit	412	White	0
1724	1 refs poplist1601#1	Offensive Seeker Unit	Offensive Seeker Unit	452	White	0
1725	1 refs poplist1601#2	Offensive Security Unit	Offensive Security Unit	453	White	0
1726	1 refs poplist1601#4	Prosperous Zepar	Prosperous Zepar	540	Flamii	0
1727	1 refs poplist1601#5	Affluent Beleth	Affluent Beleth	523	Upa	0
1728	1 refs poplist1601#6	Aged Leraje	Aged Leraje	500	Volff	0
1729	1 refs poplist1601#7	Powerful Eligos	Powerful Eligos	561	Antol	0
1730	1 refs poplist1601#8	Splendid Botis	Splendid Botis	453	White	0
1731	2 refs JNL_quest1601#Scheduled Inspection poplist1601#9	Evil Bathin	Evil Bathin	432	White	0
1732	1 refs poplist1601#10	Wicked Sallos	Wicked Sallos	530	Pterix	0
1733	1 refs poplist1601#11	Ancient Daedala	Ancient Daedala	432	White	0
1734	2 refs JNL_quest1601#Eliminate the Threat poplist1601#12	Broken Mechon	Broken Mechon	413	White	0
1735	1 refs poplist1601#13	Offensive Strike Unit	Offensive Strike Unit	452	White	0
1736	1 refs poplist1601#14	Offensive Hover Unit	Offensive Hover Unit	453	White	0
1737	1 refs poplist1601#15	Experimental M86	Experimental M86	435	White	0
1738	1 refs poplist1601#16	Bright Wisp	Bright Wisp	575	Wisp	0
1739		1739		409	White	0
1740		1740		409	White	0
1741		1741		409	White	0
1742		1742		409	White	0
1743		1743		409	White	0
1744		1744		409	White	0
1745		1745		409	White	0
1746		1746		409	White	0
1747		1747		409	White	0
1748		1748		409	White	0
1749		1749		409	White	0
1750		1750		409	White	0
1751		1751		409	White	0
1752		1752		409	White	0
1753		1753		409	White	0
1754		1754		409	White	0
1755		1755		409	White	0
1756		1756		409	White	0
1757		1757		409	White	0
1758		1758		409	White	0
1759		1759		409	White	0
1760		1760		409	White	0
1761		1761		409	White	0
1762		1762		409	White	0
1763		1763		409	White	0
1764		1764		409	White	0
1765		1765		409	White	0
1766		1766		409	White	0
1767		1767		409	White	0
1768		1768		409	White	0
1769		Large Frog (Green	Large Frog (Green	518	White	0
1770		Large Frog (White	Large Frog (White	520	White	0
1771		Large Frog	Large Frog	519	White	0
1772		Upper Level Frog	Upper Level Frog	521	White	0
1773		Upper Level Frog	Upper Level Frog	521	White	0
1774		Lower Level Lizard (Red	Lower Level Lizard (Red	524	White	0
1775		Lower Level Lizard	Lower Level Lizard	524	White	0
1776		Anglerfish (Red	Anglerfish (Red	522	White	0
1777		Anglerfish	Anglerfish	523	White	0
1778		Anglerfish	Anglerfish	523	White	0
1779		Medium Crawler	Medium Crawler	525	White	0
1780		Medium Crawler	Medium Crawler	525	White	0
1781		Medium Crawler	Medium Crawler	525	White	0
1782		Tyranno	Tyranno	528	White	0
1783		Tyranno	Tyranno	528	White	0
1784		Dragon (Black	Dragon (Black	529	White	0
1785		Dragon	Dragon	529	White	0
1786		Pterano	Pterano	530	White	0
1787		Pterano	Pterano	531	White	0
1788		Strange Bird	Strange Bird	533	White	0
1789		Strange Bird	Strange Bird	533	White	0
1790		Strange Bird (Demihuman	Strange Bird (Demihuman	534	White	0
1791		Strange Bird (Demihuman	Strange Bird (Demihuman	534	White	0
1792		Lower Level Large Bird	Lower Level Large Bird	535	White	0
1793		Lower Level Large Bird	Lower Level Large Bird	536	White	0
1794		Tricera	Tricera	538	White	0
1795		Tricera	Tricera	538	White	0
1796		Behemoth	Behemoth	537	White	0
1797		Behemoth	Behemoth	537	White	0
1798		Cocoon	Cocoon	652	White	0
1799		Cocoon	Cocoon	652	White	0
1800		1800		409	White	0
1801		1801		409	White	0
1802		1802		409	White	0
1803		1803		409	White	0
1804		1804		409	White	0
1805		1805		409	White	0
1806		1806		409	White	0
1807		1807		409	White	0
1808		1808		409	White	0
1809		1809		409	White	0
1810		1810		409	White	0
1811		1811		409	White	0
1812		1812		409	White	0
1813		1813		409	White	0
1814		1814		409	White	0
1815		1815		409	White	0
1816		1816		409	White	0
1817		1817		409	White	0
1818		1818		409	White	0
1819		1819		409	White	0
1820		1820		409	White	0
1821		1821		409	White	0
1822		1822		409	White	0
1823		1823		409	White	0
1824		1824		409	White	0
1825		1825		409	White	0
1826		1826		409	White	0
1827		1827		409	White	0
1828		1828		409	White	0
1829		1829		409	White	0
1830		1830		409	White	0
1831		1831		409	White	0
1832		1832		409	White	0
1833		1833		409	White	0
1834		1834		409	White	0
1835		1835		409	White	0
1836		1836		409	White	0
1837		1837		409	White	0
1838		1838		409	White	0
1839		1839		409	White	0
1840		1840		409	White	0
1841		1841		409	White	0
1842		1842		409	White	0
1843		1843		409	White	0
1844		1844		409	White	0
1845		1845		409	White	0
1846		1846		409	White	0
1847		1847		409	White	0
1848		1848		409	White	0
1849		1849		409	White	0
1850		1850	Bunny (Unarmed	488	White	0
1851		1851	Bunny (Unarmed (Weak	488	White	0
1852		1852	Bunny (Unarmed (Strong	491	White	0
1853		1853	Bunny (Club	489	White	0
1854		1854	Bunny (Club (Strong	492	White	0
1855		1855	Bunny (Club	495	White	0
1856		1856	Bunny (Parts	490	White	0
1857		1857	Bunny (Parts	492	White	0
1858		1858	Bunny (Parts	492	White	0
1859		1859	Bunny (Mineral	496	White	0
1860		1860	Bunny (Mineral	494	White	0
1861		1861	Bunny (Mineral	496	White	0
1862		1862	Mountain Storm Black	497	White	0
1863		1863	Mountain Storm Black	497	White	0
1864		1864	Mountain Storm White	498	White	0
1865		1865	Mountain Storm White	498	White	0
1866		1866	Wolf (Spotted	500	White	0
1867		1867	Wolf (Spotted (R	500	White	0
1868		1868	Wolf (Spotted	489	White	0
1869		1869	Wolf (Purple	499	White	0
1870		1870	Wolf (Purple (R	499	White	0
1871		1871	Wolf (Purple	499	White	0
1872		1872	Upper Wolf (Yellow	501	White	0
1873		1873	Upper Wolf (Yellow	501	White	0
1874		1874	Upper Wolf (Yellow	501	White	0
1875		1875	Grass Beast ♀	503	White	0
1876		1876	Grass Beast ♀ (Young	503	White	0
1877		1877	Grass Beast ♀	503	White	0
1878		1878	Grass Beast ♂	505	White	0
1879		1879	Grass Beast ♂ (Violent	505	White	0
1880		1880	Grass Beast ♂	505	White	0
1881		1881	Cattle Beast ♀	507	White	0
1882		1882	Cattle Beast ♀	507	White	0
1883		1883	Cattle Beast ♂	508	White	0
1884		1884	Cattle Beast ♂	508	White	0
1885		1885	Prison Shellfish	509	White	0
1886		1886	Prison Shellfish	509	White	0
1887		1887	Horse	513	White	0
1888		1888	Horse (Foal	513	White	0
1889		1889	Sword Horse (Blue	510	White	0
1890		1890	Sword Horse (Blue	511	White	0
1891		1891	Giraffe	510	White	0
1892		1892	Giraffe	510	White	0
1893		1893	Goby (Black	515	White	0
1894		1894	Goby (Black (Large	516	White	0
1895		1895	Goby (Black	517	White	0
1896		1896	Manti	514	White	0
1897		1897	Manti	514	White	0
1898		1898		409	White	0
1899		1899		409	White	0
1900		1900		409	White	0
1901	12 refs poplist1701#12 poplist1701#26 poplist1701#27 poplist1701#39 poplist1701#41 poplist1701#43 poplist1701#46 poplist1701#49 poplist1701#54 poplist1701#56 poplist1701#63 poplist1701#71	Offensive/SCOUT	Offensive/SCOUT	452	White	0
1902	11 refs poplist1701#44 poplist1701#46 poplist1701#49 poplist1701#54 poplist1701#56 poplist1701#57 poplist1701#61 poplist1701#63 poplist1701#64 poplist1701#69 poplist1701#71	Offensive/HONEY	Offensive/HONEY	453	White	0
1903	4 refs poplist1701#42 poplist1701#50 poplist1701#66 poplist1701#74	M91/DOGMA	M91/DOGMA	456	White	0
1904	6 refs poplist1701#47 poplist1701#52 poplist1701#65 poplist1701#67 poplist1701#68 poplist1701#72	Defensive/ONION	Defensive/ONION	449	White	0
1905	12 refs JNL_quest1701#Monster Quest poplist1701#31 poplist1701#33 poplist1701#34 poplist1701#38 poplist1701#40 poplist1701#47 poplist1701#52 poplist1701#58 poplist1701#65 poplist1701#67 poplist1701#72	M66/TRICK	M66/TRICK	431	White	0
1906	10 refs poplist1701#17 poplist1701#20 poplist1701#23 poplist1701#24 poplist1701#29 poplist1701#30 poplist1701#31 poplist1701#34 poplist1701#40 poplist1701#55	M68/CHORD	M68/CHORD	430	White	0
1907	6 refs poplist1701#45 poplist1701#48 poplist1701#53 poplist1701#60 poplist1701#62 poplist1701#70	M45/VIOLA	M45/VIOLA	441	White	0
1908	6 refs poplist1701#20 poplist1701#29 poplist1701#31 poplist1701#34 poplist1701#35 poplist1701#40	M57/FAITH	M57/FAITH	411	White	0
1909	2 refs poplist1701#17 poplist1701#20	M55/GRACE	M55/GRACE	409	White	0
1910	4 refs poplist1701#28 poplist1701#30 poplist1701#36 poplist1701#41	M37/WITCH	M37/WITCH	417	White	0
1911	3 refs poplist1701#18 poplist1701#21 poplist1701#25	M37/ZEBRA	M37/ZEBRA	414	White	0
1912	11 refs poplist1701#15 poplist1701#19 poplist1701#22 poplist1701#33 poplist1701#37 poplist1701#38 poplist1701#51 poplist1701#52 poplist1701#58 poplist1701#66 poplist1701#73	M84/GRUNT	M84/GRUNT	435	White	0
1913	2 refs poplist1701#32 poplist1701#59	M76/MOIST	M76/MOIST	446	White	0
1914	1 refs poplist1701#1	Jade Face	Jade Face	479	White	898
1915	4 refs poplist1701#2 poplist1701#6 poplist1701#8 poplist1701#10	M45/VIOLA	M45/VIOLA	441	White	0
1916	3 refs poplist1701#3 poplist1701#7 poplist1701#11	Offensive/SCOUT	Offensive/SCOUT	452	White	0
1917	3 refs poplist1701#7 poplist1701#9 poplist1701#11	Offensive/HONEY	Offensive/HONEY	453	White	0
1918	1 refs poplist1701#4	Defensive/ONION	Defensive/ONION	450	White	0
1919	1 refs poplist1701#5	M66/TRICK	M66/TRICK	431	White	0
1920	1 refs poplist1701#12	Commander Oracion	Commander Oracion	457	White	0
1921	1 refs poplist1701#13	Destroyer Salvacion	Destroyer Salvacion	446	White	0
1922	1 refs poplist1701#14	Amorous Arca	Amorous Arca	430	White	0
1923	2 refs JNL_quest1701#Challenge Quest 1 poplist1701#15	Revolutionary Bifrons	Revolutionary Bifrons	431	White	0
1924	2 refs JNL_quest1701#Challenge Quest 2 poplist1701#16	Infernal Crocell	Infernal Crocell	450	White	0
1925		1925		409	White	0
1926		1926		409	White	0
1927		1927		409	White	0
1928		1928		409	White	0
1929		1929		409	White	0
1930		1930		409	White	0
1931		1931		409	White	0
1932		1932		409	White	0
1933		1933		409	White	0
1934		1934		409	White	0
1935		1935		409	White	0
1936		1936		409	White	0
1937		1937		409	White	0
1938		1938		409	White	0
1939		1939		409	White	0
1940		1940		409	White	0
1941		1941		409	White	0
1942		1942		409	White	0
1943		1943		409	White	0
1944		1944		409	White	0
1945		1945		409	White	0
1946		1946		409	White	0
1947		1947		409	White	0
1948		1948		409	White	0
1949		1949		409	White	0
1950		1950		409	White	0
1951		1951		409	White	0
1952		1952		409	White	0
1953		1953		409	White	0
1954		1954		409	White	0
1955		1955		409	White	0
1956		1956		409	White	0
1957		1957		409	White	0
1958		1958		409	White	0
1959		1959		409	White	0
1960		1960		409	White	0
1961		1961		409	White	0
1962		1962		409	White	0
1963		1963		409	White	0
1964		1964		409	White	0
1965		1965		409	White	0
1966		1966		409	White	0
1967		1967		409	White	0
1968		1968		409	White	0
1969		1969		409	White	0
1970		1970		409	White	0
1971		1971		409	White	0
1972		1972		409	White	0
1973		1973		409	White	0
1974		1974		409	White	0
1975		1975		409	White	0
1976		1976		409	White	0
1977		1977		409	White	0
1978		1978		409	White	0
1979		1979		409	White	0
1980		1980		409	White	0
1981		1981		409	White	0
1982		1982		409	White	0
1983		1983		409	White	0
1984		1984		409	White	0
1985		1985		409	White	0
1986		1986		409	White	0
1987		1987		409	White	0
1988		1988		409	White	0
1989		1989		409	White	0
1990		1990		409	White	0
1991		1991		409	White	0
1992		1992		409	White	0
1993		1993		409	White	0
1994		1994		409	White	0
1995		1995		409	White	0
1996		1996		409	White	0
1997		1997		409	White	0
1998		1998		409	White	0
1999		1999		409	White	0
2000		2000		409	White	0
2001		2001		409	White	0
2002		2002		409	White	0
2003		2003		409	White	0
2004		2004		409	White	0
2005		2005		409	White	0
2006		2006		409	White	0
2007		2007		409	White	0
2008		2008		409	White	0
2009		2009		409	White	0
2010		2010		409	White	0
2011		2011		409	White	0
2012		2012		409	White	0
2013		2013		409	White	0
2014		2014		409	White	0
2015		2015		409	White	0
2016		2016		409	White	0
2017		2017		409	White	0
2018		2018		409	White	0
2019		2019		409	White	0
2020		2020		409	White	0
2021		2021		409	White	0
2022		2022		409	White	0
2023		2023		409	White	0
2024		2024		409	White	0
2025		2025		409	White	0
2026		2026		409	White	0
2027		2027		409	White	0
2028		2028		409	White	0
2029		2029		409	White	0
2030		2030		409	White	0
2031		2031		409	White	0
2032		2032		409	White	0
2033		2033		409	White	0
2034		2034		409	White	0
2035		2035		409	White	0
2036		2036		409	White	0
2037		2037		409	White	0
2038		2038		409	White	0
2039		2039		409	White	0
2040		2040		409	White	0
2041		2041		409	White	0
2042		2042		409	White	0
2043		2043		409	White	0
2044		2044		409	White	0
2045		2045		409	White	0
2046		2046		409	White	0
2047		2047		409	White	0
2048		2048		409	White	0
2049		2049		409	White	0
2050		2050		409	White	0
2051		2051		409	White	0
2052		2052		409	White	0
2053		2053		409	White	0
2054		2054		409	White	0
2055		2055		409	White	0
2056		2056		409	White	0
2057		2057		409	White	0
2058		2058		409	White	0
2059		2059		409	White	0
2060		2060		409	White	0
2061		2061		409	White	0
2062		2062		409	White	0
2063		2063		409	White	0
2064		2064		409	White	0
2065		2065		409	White	0
2066		2066		409	White	0
2067		2067		409	White	0
2068		2068		409	White	0
2069		2069		409	White	0
2070		2070		409	White	0
2071		2071		409	White	0
2072		2072		409	White	0
2073		2073		409	White	0
2074		2074		409	White	0
2075		2075		409	White	0
2076		2076		409	White	0
2077		2077		409	White	0
2078		2078		409	White	0
2079		2079		409	White	0
2080		2080		409	White	0
2081		2081		409	White	0
2082		2082		409	White	0
2083		2083		409	White	0
2084		2084		409	White	0
2085		2085		409	White	0
2086		2086		409	White	0
2087		2087		409	White	0
2088		2088		409	White	0
2089		2089		409	White	0
2090		2090		409	White	0
2091		2091		409	White	0
2092		2092		409	White	0
2093		2093		409	White	0
2094		2094		409	White	0
2095		2095		409	White	0
2096		2096		409	White	0
2097		2097		409	White	0
2098		2098		409	White	0
2099		2099		409	White	0
2100		2100		409	White	0
2101	4 refs poplist1901#23 poplist1901#32 poplist1901#43 poplist1901#46	Mass-Produced Face	Mass-Produced Face	476	White	897
2102	2 refs poplist1901#25 poplist1901#41	Exterminator/EMBER	Exterminator/EMBER	458	White	0
2103	4 refs JNL_quest1901#Civil Protection 1 - 3 poplist1901#27 poplist1901#28 poplist1901#42	Offensive/BRAVE	Offensive/BRAVE	454	White	0
2104	3 refs poplist1901#48 poplist1901#52 poplist1901#53	Defensive/SHAME	Defensive/SHAME	451	White	0
2105	2 refs poplist1901#29 poplist1901#40	M97/CYCLE	M97/CYCLE	457	White	0
2106	5 refs JNL_quest1901#Civil Protection 1 - 2 poplist1901#9 poplist1901#30 poplist1901#31 poplist1901#34	M36/SACRE	M36/SACRE	419	White	0
2107	2 refs poplist1901#19 poplist1901#39	M37/EAGER	M37/EAGER	418	White	0
2108	7 refs JNL_quest1901#Civil Protection 2 - 1 poplist1901#24 poplist1901#26 poplist1901#31 poplist1901#34 poplist1901#35 poplist1901#45	M55/DREAD	M55/DREAD	412	White	0
2109	2 refs poplist1901#17 poplist1901#21	M56/UNION	M56/UNION	411	White	0
2110	7 refs JNL_quest1901#Civil Protection 2 - 2 poplist1901#34 poplist1901#35 poplist1901#36 poplist1901#45 poplist1901#49 poplist1901#51	M67/RADAR	M67/RADAR	431	White	0
2111	2 refs poplist1901#17 poplist1901#21	M67/REALM	M67/REALM	430	White	0
2112	4 refs JNL_quest1901#Civil Protection 1 - 1 poplist1901#18 poplist1901#20 poplist1901#22	M67/HASTE	M67/HASTE	426	White	0
2113	3 refs poplist1901#18 poplist1901#20 poplist1901#22	M68/MISER	M68/MISER	427	White	0
2114	8 refs JNL_quest1901#Civil Protection 2 - 3 poplist1901#15 poplist1901#33 poplist1901#37 poplist1901#38 poplist1901#44 poplist1901#47 poplist1901#50	M87/GRAND	M87/GRAND	437	White	0
2115	1 refs poplist1901#1	Gadolt	Gadolt	480	White	898
2116	1 refs poplist1901#2	Gadolt	Gadolt	480	White	898
2117	1 refs poplist1901#3	Egil	Egil	625	White	902
2118	1 refs poplist1901#4	M87/TAPIR	M87/TAPIR	436	White	0
2119	1 refs poplist1901#8	M68/TROUT	M68/TROUT	427	White	0
2120	1 refs poplist1901#5	M36/ROBIN	M36/ROBIN	418	White	0
2121	1 refs poplist1901#6	M97/EAGLE	M97/EAGLE	457	White	0
2122	1 refs poplist1901#5	M37/COBRA	M37/COBRA	420	White	0
2123	1 refs poplist1901#7	Yaldabaoth	Yaldabaoth	485	White	899
2124	2 refs JNL_quest1901#Military Status 1 - 1 poplist1901#9	Vagabond Allocer	Vagabond Allocer	420	White	0
2125	1 refs poplist1901#10	Experienced Tristan	Experienced Tristan	412	White	0
2126	2 refs JNL_quest1901#Military Status 1 - 2 poplist1901#11	Wise Gremory	Wise Gremory	459	White	0
2127	2 refs JNL_quest1901#Military Status 2 - 1 poplist1901#12	Meditative Varla	Meditative Varla	455	White	0
2128	1 refs poplist1901#13	Destructive Bors	Destructive Bors	431	White	0
2129	2 refs JNL_quest1901#Military Status 2 - 2 poplist1901#14	Wrathful Orobas	Wrathful Orobas	437	White	0
2130	1 refs poplist1901#15	Soothed Aglovale	Soothed Aglovale	451	White	0
2131	1 refs poplist1901#16	Sentimental Flamral	Sentimental Flamral	457	White	0
2132	1 refs poplist1901#54	Defensive/SHAME	Defensive/SHAME	450	White	0
2133		2133		409	White	0
2134		2134		409	White	0
2135		2135		409	White	0
2136		2136		409	White	0
2137		2137		409	White	0
2138		2138		409	White	0
2139		2139		409	White	0
2140		2140		409	White	0
2141		2141		409	White	0
2142		2142		409	White	0
2143		2143		409	White	0
2144		2144		409	White	0
2145		2145		409	White	0
2146		2146		409	White	0
2147		2147		409	White	0
2148		2148		409	White	0
2149		2149		409	White	0
2150		2150		409	White	0
2151		2151		409	White	0
2152		2152		409	White	0
2153		2153		409	White	0
2154		2154		409	White	0
2155		2155		409	White	0
2156		2156		409	White	0
2157		2157		409	White	0
2158		2158		409	White	0
2159		2159		409	White	0
2160		2160		409	White	0
2161		2161		409	White	0
2162		2162		409	White	0
2163		2163		409	White	0
2164		2164		409	White	0
2165		2165		409	White	0
2166		2166		409	White	0
2167		2167		409	White	0
2168		2168		409	White	0
2169		2169		409	White	0
2170		2170		409	White	0
2171		2171		409	White	0
2172		2172		409	White	0
2173		2173		409	White	0
2174		2174		409	White	0
2175		2175		409	White	0
2176		2176		409	White	0
2177		2177		409	White	0
2178		2178		409	White	0
2179		2179		409	White	0
2180		2180		409	White	0
2181		2181		409	White	0
2182		2182		409	White	0
2183		2183		409	White	0
2184		2184		409	White	0
2185		2185		409	White	0
2186		2186		409	White	0
2187		2187		409	White	0
2188		2188		409	White	0
2189		2189		409	White	0
2190		2190		409	White	0
2191		2191		409	White	0
2192		2192		409	White	0
2193		2193		409	White	0
2194		2194		409	White	0
2195		2195		409	White	0
2196		2196		409	White	0
2197		2197		409	White	0
2198		2198		409	White	0
2199		2199		409	White	0
2200		2200		409	White	0
2201	7 refs poplist2001#43 poplist2001#44 poplist2001#56 poplist2001#67 poplist2001#68 poplist2001#70 poplist2001#73	M53/THANK	M53/THANK	412	White	0
2202	4 refs poplist2001#4 poplist2001#7 poplist2001#27 poplist2001#35	M57/BEAST	M57/BEAST	411	White	0
2203	5 refs poplist2001#2 poplist2001#3 poplist2001#42 poplist2001#64 poplist2001#71	M36/FAIRY	M36/FAIRY	417	White	0
2204	5 refs poplist2001#20 poplist2001#22 poplist2001#28 poplist2001#29 poplist2001#57	M38/ESSAY	M38/ESSAY	414	White	0
2205	7 refs poplist2001#10 poplist2001#11 poplist2001#36 poplist2001#46 poplist2001#53 poplist2001#54 poplist2001#55	Offensive/DIARY	Offensive/DIARY	454	White	0
2206	5 refs poplist2001#19 poplist2001#24 poplist2001#34 poplist2001#38 poplist2001#40	Offensive/FOUND	Offensive/FOUND	452	White	0
2207	4 refs poplist2001#19 poplist2001#24 poplist2001#38 poplist2001#40	Offensive/LYRIC	Offensive/LYRIC	453	White	0
2208	1 refs poplist2001#45	M108/SPADE	M108/SPADE	438	White	0
2209	6 refs poplist2001#46 poplist2001#56 poplist2001#62 poplist2001#63 poplist2001#69 poplist2001#72	Defensive/GUARD	Defensive/GUARD	450	White	0
2210	4 refs poplist2001#18 poplist2001#23 poplist2001#37 poplist2001#39	M44/ANGRY	M44/ANGRY	441	White	0
2211	1 refs poplist2001#65	M96/AWAKE	M96/AWAKE	456	White	0
2212	4 refs poplist2001#25 poplist2001#30 poplist2001#41 poplist2001#59	M68/MARCH	M68/MARCH	430	White	0
2213		M65/NOBLE	M65/NOBLE	431	White	0
2214	6 refs poplist2001#47 poplist2001#48 poplist2001#49 poplist2001#50 poplist2001#51 poplist2001#52	M67/SONAR	M67/SONAR	431	White	0
2215	7 refs poplist2001#21 poplist2001#26 poplist2001#31 poplist2001#58 poplist2001#60 poplist2001#61 poplist2001#66	M88/WORST	M88/WORST	435	White	0
2216	2 refs poplist2001#32 poplist2001#33	Mass-Produced Face	Mass-Produced Face	476	White	897
2217	2 refs poplist2001#2 poplist2001#3	M88/RAPID	M88/RAPID	437	White	0
2218	1 refs poplist2001#1	Apocrypha Generator	Apocrypha Generator	462	White	0
2219	1 refs poplist2001#4	Mild Florence	Mild Florence	411	White	0
2220	1 refs poplist2001#5	Temporal Gawain	Temporal Gawain	476	White	897
2221	1 refs poplist2001#6	Faithful Lancelot	Faithful Lancelot	431	White	0
2222	2 refs JNL_quest2001#Eliminate the Backup! poplist2001#7	Beautiful Vagul	Beautiful Vagul	412	White	0
2223	2 refs JNL_quest2001#Roof Battle poplist2001#8	Venerable Focalor	Venerable Focalor	456	White	0
2224	1 refs poplist2001#9	Sinful Lamorak	Sinful Lamorak	435	White	0
2225	1 refs poplist2001#10	Balanced Palamedes	Balanced Palamedes	454	White	0
2226	1 refs poplist2001#11	Synchronised Gaheris	Synchronised Gaheris	449	White	0
2227	1 refs poplist2001#12	Magestic Mordred	Magestic Mordred	438	White	0
2228	1 refs poplist2001#13	M88 Watchtower	M88 Watchtower	435	White	0
2229	1 refs poplist2001#14	M97 Commander	M97 Commander	456	White	0
2230	1 refs poplist2001#15	Offensive Scout	Offensive Scout	454	White	0
2231	2 refs JNL_quest2001#Daring Assault poplist2001#16	M96 Crisis Unit	M96 Crisis Unit	456	White	0
2232	2 refs JNL_quest2001#Daring Assault poplist2001#17	Crisis Response Unit	Crisis Response Unit	454	White	0
2233		2233		409	White	0
2234		2234		409	White	0
2235		2235		409	White	0
2236		2236		409	White	0
2237		2237		409	White	0
2238		2238		409	White	0
2239		2239		409	White	0
2240		2240		409	White	0
2241		2241		409	White	0
2242		2242		409	White	0
2243		2243		409	White	0
2244		2244		409	White	0
2245		2245		409	White	0
2246		2246		409	White	0
2247		2247		409	White	0
2248		2248		409	White	0
2249		2249		409	White	0
2250		2250		409	White	0
2251		2251		409	White	0
2252		2252		409	White	0
2253		2253		409	White	0
2254		2254		409	White	0
2255		2255		409	White	0
2256		2256		409	White	0
2257		2257		409	White	0
2258		2258		409	White	0
2259		2259		409	White	0
2260		2260		409	White	0
2261		2261		409	White	0
2262		2262		409	White	0
2263		2263		409	White	0
2264		2264		409	White	0
2265		2265		409	White	0
2266		2266		409	White	0
2267		2267		409	White	0
2268		2268		409	White	0
2269		2269		409	White	0
2270		2270		409	White	0
2271		2271		409	White	0
2272		2272		409	White	0
2273		2273		409	White	0
2274		2274		409	White	0
2275		2275		409	White	0
2276		2276		409	White	0
2277		2277		409	White	0
2278		2278		409	White	0
2279		2279		409	White	0
2280		2280		409	White	0
2281		2281		409	White	0
2282		2282		409	White	0
2283		2283		409	White	0
2284		2284		409	White	0
2285		2285		409	White	0
2286		2286		409	White	0
2287		2287		409	White	0
2288		2288		409	White	0
2289		2289		409	White	0
2290		2290		409	White	0
2291		2291		409	White	0
2292		2292		409	White	0
2293		2293		409	White	0
2294		2294		409	White	0
2295		2295		409	White	0
2296		2296		409	White	0
2297		2297		409	White	0
2298		2298		409	White	0
2299		2299		409	White	0
2300		2300		409	White	0
2301	19 refs poplist2101#12 poplist2101#13 poplist2101#14 poplist2101#15 poplist2101#16 poplist2101#26 poplist2101#27 poplist2101#31 poplist2101#32 poplist2101#33 poplist2101#37 poplist2101#42 poplist2101#44 poplist2101#45 poplist2101#47 poplist2101#48 poplist2101#49 poplist2101#50 poplist2101#54	Jelly Selua	Jelly Selua	603	Selua	0
2302	14 refs poplist2101#17 poplist2101#18 poplist2101#19 poplist2101#22 poplist2101#23 poplist2101#28 poplist2101#29 poplist2101#30 poplist2101#35 poplist2101#41 poplist2101#57 poplist2101#59 poplist2101#60 poplist2101#61	Largo Selua	Largo Selua	448	Selua	0
2303	9 refs poplist2101#8 poplist2101#37 poplist2101#43 poplist2101#46 poplist2101#51 poplist2101#52 poplist2101#53 poplist2101#55 poplist2101#56	Wool Selua	Wool Selua	463	Selua	0
2304	2 refs poplist2101#34 poplist2101#38	Chimai Selua	Chimai Selua	460	Selua	0
2305	1 refs poplist2101#39	Gigas Telethia	Gigas Telethia	604	Telethia	0
2306	3 refs poplist2101#36 poplist2101#40 poplist2101#58	Drakos Telethia	Drakos Telethia	605	Telethia	0
2307	3 refs poplist2101#20 poplist2101#21 poplist2101#24	Phoenix Telethia	Phoenix Telethia	606	Telethia	0
2308	1 refs poplist2101#25	Licorne Telethia	Licorne Telethia	608	Telethia	0
2309	1 refs poplist2101#1	Disciple Lorithia	Disciple Lorithia	612	White	905
2310	2 refs poplist2101#2 poplist2101#3	Primo Nova	Primo Nova	599	Magic	0
2311	2 refs poplist2101#2 poplist2101#3	Secondo Nova	Secondo Nova	597	Magic	0
2312		2312		598	Magic	0
2313	2 refs poplist2101#2 poplist2101#3	Quarto Nova	Quarto Nova	600	Magic	0
2314	2 refs poplist2101#2 poplist2101#3	Quinto Nova	Quinto Nova	601	Magic	0
2315		2315		602	Magic	0
2316	1 refs poplist2101#4	Clandestine Apety	Clandestine Apety	606	Telethia	0
2317	1 refs poplist2101#5	Active Impulso	Active Impulso	448	Selua	0
2318	1 refs poplist2101#6	Vivid Anstan	Vivid Anstan	608	Telethia	0
2319	1 refs poplist2101#7	Mystical Klesida	Mystical Klesida	603	Selua	0
2320	1 refs poplist2101#8	Victorious Gross	Victorious Gross	463	Selua	0
2321	1 refs poplist2101#9	Officer Robusto	Officer Robusto	460	Selua	0
2322	1 refs poplist2101#10	Ghostly Mahatos	Ghostly Mahatos	604	Telethia	0
2323	1 refs poplist2101#11	Dark King Barbarus	Dark King Barbarus	605	Telethia	0
2324		2324		409	White	0
2325		2325		409	White	0
2326		2326		409	White	0
2327		2327		409	White	0
2328		2328		409	White	0
2329		2329		409	White	0
2330		2330		409	White	0
2331		2331		409	White	0
2332		2332		409	White	0
2333		2333		409	White	0
2334		2334		409	White	0
2335		2335		409	White	0
2336		2336		409	White	0
2337		2337		409	White	0
2338		2338		409	White	0
2339		2339		409	White	0
2340		2340		409	White	0
2341		2341		409	White	0
2342		2342		409	White	0
2343		2343		409	White	0
2344		2344		409	White	0
2345		2345		409	White	0
2346		2346		409	White	0
2347		2347		409	White	0
2348		2348		409	White	0
2349		2349		409	White	0
2350		2350		409	White	0
2351		2351		409	White	0
2352		2352		409	White	0
2353		2353		409	White	0
2354		2354		409	White	0
2355		2355		409	White	0
2356		2356		409	White	0
2357		2357		409	White	0
2358		2358		409	White	0
2359		2359		409	White	0
2360		2360		409	White	0
2361		2361		409	White	0
2362		2362		409	White	0
2363		2363		409	White	0
2364		2364		409	White	0
2365		2365		409	White	0
2366		2366		409	White	0
2367		2367		409	White	0
2368		2368		409	White	0
2369		2369		409	White	0
2370		2370		409	White	0
2371		2371		409	White	0
2372		2372		409	White	0
2373		2373		409	White	0
2374		2374		409	White	0
2375		2375		409	White	0
2376		2376		409	White	0
2377		2377		409	White	0
2378		2378		409	White	0
2379		2379		409	White	0
2380		2380		409	White	0
2381		2381		409	White	0
2382		2382		409	White	0
2383		2383		409	White	0
2384		2384		409	White	0
2385		2385		409	White	0
2386		2386		409	White	0
2387		2387		409	White	0
2388		2388		409	White	0
2389		2389		409	White	0
2390		2390		409	White	0
2391		2391		409	White	0
2392		2392		409	White	0
2393		2393		409	White	0
2394		2394		409	White	0
2395		2395		409	White	0
2396		2396		409	White	0
2397		2397		409	White	0
2398		2398		409	White	0
2399		2399		409	White	0
2400		2400		409	White	0
2401	1 refs poplist2201#8	Spirit - Mumkhar	Spirit - Mumkhar	470	Mystery	896
2402	1 refs poplist2201#9	Spirit - Xord	Spirit - Xord	477	Mystery	897
2403		Spirit - Face	Spirit - Face	478	White	897
2404	1 refs poplist2201#11	Spirit - Gadolt	Spirit - Gadolt	481	Mystery	898
2405	1 refs poplist2201#10	Spirit - Telethia	Spirit - Telethia	611	Telethia	894
2406		Spirit - Disciple Lorithia	Spirit - Disciple Lorithia	608	Mystery	0
2407	1 refs poplist2201#1	Zanza	Zanza	622	White	907
2408	1 refs poplist2201#3	Zanza	Zanza	623	White	907
2409	1 refs poplist2201#2	Zanza Guardian	Zanza Guardian	620	White	910
2410	1 refs poplist2201#4	Zanza Guardian	Zanza Guardian	620	White	910
2411	1 refs poplist2201#5	Zanza	Zanza	621	White	906
2412	2 refs poplist2201#6 poplist2201#7	Zanza Guardian	Zanza Guardian	620	White	910
2413		Test Zanza	Test Zanza	622	White	0
2414		2414		409	White	0
2415		2415		409	White	0
2416		2416		409	White	0
2417		2417		409	White	0
2418		2418		409	White	0
2419		2419		409	White	0
2420		2420		409	White	0
2421		2421		409	White	0
2422		2422		409	White	0
2423		2423		409	White	0
2424		2424		409	White	0
2425		2425		409	White	0
2426		2426		409	White	0
2427		2427		409	White	0
2428		2428		409	White	0
2429		2429		409	White	0
2430		2430		409	White	0
2431		2431		409	White	0
2432		2432		409	White	0
2433		2433		409	White	0
2434		2434		409	White	0
2435		2435		409	White	0
2436		2436		409	White	0
2437		2437		409	White	0
2438		2438		409	White	0
2439		2439		409	White	0
2440		2440		409	White	0
2441		2441		409	White	0
2442		2442		409	White	0
2443		2443		409	White	0
2444		2444		409	White	0
2445		2445		409	White	0
2446		2446		409	White	0
2447		2447		409	White	0
2448		2448		409	White	0
2449		2449		409	White	0
2450		2450		409	White	0
2451		2451		409	White	0
2452		2452		409	White	0
2453		2453		409	White	0
2454		2454		409	White	0
2455		2455		409	White	0
2456		2456		409	White	0
2457		2457		409	White	0
2458		2458		409	White	0
2459		2459		409	White	0
2460		2460		409	White	0
2461		2461		409	White	0
2462		2462		409	White	0
2463		2463		409	White	0
2464		2464		409	White	0
2465		2465		409	White	0
2466		2466		409	White	0
2467		2467		409	White	0
2468		2468		409	White	0
2469		2469		409	White	0
2470		2470		409	White	0
2471		2471		409	White	0
2472		2472		409	White	0
2473		2473		409	White	0
2474		2474		409	White	0
2475		2475		409	White	0
2476		2476		409	White	0
2477		2477		409	White	0
2478		2478		409	White	0
2479		2479		409	White	0
2480		2480		409	White	0
2481		2481		409	White	0
2482		2482		409	White	0
2483		2483		409	White	0
2484		2484		409	White	0
2485		2485		409	White	0
2486		2486		409	White	0
2487		2487		409	White	0
2488		2488		409	White	0
2489		2489		409	White	0
2490		2490		409	White	0
2491		2491		409	White	0
2492		2492		409	White	0
2493		2493		409	White	0
2494		2494		409	White	0
2495		2495		409	White	0
2496		2496		409	White	0
2497		2497		409	White	0
2498		2498		409	White	0
2499		2499		409	White	0
2500		2500		409	White	0
2501	1 refs poplist2301#2	Yaldabaoth	Yaldabaoth	486	White	899
2502		2502		486	White	899
2503		2503		486	White	899
2504	1 refs poplist2301#1	Mechonis	Mechonis	487	White	0
2505	1 refs poplist2301#6	Zanza	Zanza	619	White	908
2506	2 refs JNL_quest1901#Save Bionis poplist2301#3	Energy Device	Energy Device	653	White	0
2507	1 refs poplist2301#4	Offensive/MOTOR	Offensive/MOTOR	455	White	0
2508	1 refs poplist2301#5	Exterminator/CLOCK	Exterminator/CLOCK	459	White	0
2509		2509		451	White	0
2510		2510		409	White	0
2511		2511		409	White	0
2512		2512		409	White	0
2513		2513		409	White	0
2514		2514		409	White	0
2515		2515		409	White	0
2516		2516		409	White	0
2517		2517		409	White	0
2518		2518		409	White	0
2519		2519		409	White	0
2520		2520		409	White	0
2521		2521		409	White	0
2522		2522		409	White	0
2523		2523		409	White	0
2524		2524		409	White	0
2525		2525		409	White	0
2526		2526		409	White	0
2527		2527		409	White	0
2528		2528		409	White	0
2529		2529		409	White	0
2530		2530		409	White	0
2531		2531		409	White	0
2532		2532		409	White	0
2533		2533		409	White	0
2534		2534		409	White	0
2535		2535		409	White	0
2536		2536		409	White	0
2537		2537		409	White	0
2538		2538		409	White	0
2539		2539		409	White	0
2540		2540		409	White	0
2541		2541		409	White	0
2542		2542		409	White	0
2543		2543		409	White	0
2544		2544		409	White	0
2545		2545		409	White	0
2546		2546		409	White	0
2547		2547		409	White	0
2548		2548		409	White	0
2549		2549		409	White	0
2550		2550		409	White	0
2551		2551		409	White	0
2552		2552		409	White	0
2553		2553		409	White	0
2554		2554		409	White	0
2555		2555		409	White	0
2556		2556		409	White	0
2557		2557		409	White	0
2558		2558		409	White	0
2559		2559		409	White	0
2560		2560		409	White	0
2561		2561		409	White	0
2562		2562		409	White	0
2563		2563		409	White	0
2564		2564		409	White	0
2565		2565		409	White	0
2566		2566		409	White	0
2567		2567		409	White	0
2568		2568		409	White	0
2569		2569		409	White	0
2570		2570		409	White	0
2571		2571		409	White	0
2572		2572		409	White	0
2573		2573		409	White	0
2574		2574		409	White	0
2575		2575		409	White	0
2576		2576		409	White	0
2577		2577		409	White	0
2578		2578		409	White	0
2579		2579		409	White	0
2580		2580		409	White	0
2581		2581		409	White	0
2582		2582		409	White	0
2583		2583		409	White	0
2584		2584		409	White	0
2585		2585		409	White	0
2586		2586		409	White	0
2587		2587		409	White	0
2588		2588		409	White	0
2589		2589		409	White	0
2590		2590		409	White	0
2591		2591		409	White	0
2592		2592		409	White	0
2593		2593		409	White	0
2594		2594		409	White	0
2595		2595		409	White	0
2596		2596		409	White	0
2597		2597		409	White	0
2598		2598		409	White	0
2599		2599		409	White	0
2600		2600		409	White	0
2601	2 refs poplist0801#1 poplist2401#1	Sureny Telethia	Sureny Telethia	605	White	0
2602	12 refs poplist2401#2 poplist2401#3 poplist2401#4 poplist2401#5 poplist2401#6 poplist2401#7 poplist2401#8 poplist2401#9 poplist2401#10 poplist2401#11 poplist2401#12 poplist2401#13	Telethia C (Dummy	Telethia C (Dummy	607	White	0
2603	6 refs poplist2401#14 poplist2401#15 poplist2401#16 poplist2401#17 poplist2401#18 poplist2401#19	Telethia D (Dummy	Telethia D (Dummy	609	White	0
2604		2604		409	White	0
2605		2605		409	White	0
2606		2606		409	White	0
2607		2607		409	White	0
2608		2608		409	White	0
2609		2609		409	White	0
2610		2610		409	White	0
2611		2611		409	White	0
2612		2612		409	White	0
2613		2613		409	White	0
2614		2614		409	White	0
2615		2615		409	White	0
2616		2616		409	White	0
2617		2617		409	White	0
2618		2618		409	White	0
2619		2619		409	White	0
2620		2620		409	White	0
2621		2621		409	White	0
2622		2622		409	White	0
2623		2623		409	White	0
2624		2624		409	White	0
2625		2625		409	White	0
2626		2626		409	White	0
2627		2627		409	White	0
2628		2628		409	White	0
2629		2629		409	White	0
2630		2630		409	White	0
2631		2631		409	White	0
2632		2632		409	White	0
2633		2633		409	White	0
2634		2634		409	White	0
2635		2635		409	White	0
2636		2636		409	White	0
2637		2637		409	White	0
2638		2638		409	White	0
2639		2639		409	White	0
2640		2640		409	White	0
2641		2641		409	White	0
2642		2642		409	White	0
2643		2643		409	White	0
2644		2644		409	White	0
2645		2645		409	White	0
2646		2646		409	White	0
2647		2647		409	White	0
2648		2648		409	White	0
2649		2649		409	White	0
2650		2650		409	White	0
2651		2651		409	White	0
2652		2652		409	White	0
2653		2653		409	White	0
2654		2654		409	White	0
2655		2655		409	White	0
2656		2656		409	White	0
2657		2657		409	White	0
2658		2658		409	White	0
2659		2659		409	White	0
2660		2660		409	White	0
2661		2661		409	White	0
2662		2662		409	White	0
2663		2663		409	White	0
2664		2664		409	White	0
2665		2665		409	White	0
2666		2666		409	White	0
2667		2667		409	White	0
2668		2668		409	White	0
2669		2669		409	White	0
2670		2670		409	White	0
2671		2671		409	White	0
2672		2672		409	White	0
2673		2673		409	White	0
2674		2674		409	White	0
2675		2675		409	White	0
2676		2676		409	White	0
2677		2677		409	White	0
2678		2678		409	White	0
2679		2679		409	White	0
2680		2680		409	White	0
2681		2681		409	White	0
2682		2682		409	White	0
2683		2683		409	White	0
2684		2684		409	White	0
2685		2685		409	White	0
2686		2686		409	White	0
2687		2687		409	White	0
2688		2688		409	White	0
2689		2689		409	White	0
2690		2690		409	White	0
2691		2691		409	White	0
2692		2692		409	White	0
2693		2693		409	White	0
2694		2694		409	White	0
2695		2695		409	White	0
2696		2696		409	White	0
2697		2697		409	White	0
2698		2698		409	White	0
2699		2699		622	White	0
2700		2700		612	White	0
2701	1 refs poplist2501#1	Officer Volff	Officer Volff	499	Volff	0
2702	1 refs poplist2501#1	Leg Volff	Leg Volff	500	Volff	0
2703	1 refs poplist2501#2	Field Ponio	Field Ponio	513	Ponio	0
2704	1 refs poplist2501#3	Leg Armu	Leg Armu	503	Armu	0
2705		Leg Ardun	Leg Ardun	505	Ardun	0
2706		Daughter Armu	Daughter Armu	503	Armu	0
2707	2 refs BTL_GimmckBossRescue#7 poplist2501#4	Gael'gar	Gael'gar	806	White	0
2708	1 refs poplist2501#4	Aggressor Andos	Aggressor Andos	464	White	0
2709	1 refs poplist2501#4	Defendor Andos	Defendor Andos	464	White	0
2710	1 refs poplist2501#5	Laeklit Mammut	Laeklit Mammut	538	Mammut	0
2711		Green Feris	Green Feris	501	Feris	0
2712	1 refs poplist2501#6	Antol King	Antol King	565	King	0
2713	1 refs poplist2501#6	Yellow Antol	Yellow Antol	560	Antol	0
2714	1 refs poplist2501#7	Deinos Sauros	Deinos Sauros	528	Sauros	0
2715	1 refs poplist2501#8	Wind Vang	Wind Vang	553	Vang	0
2716		2716				0
2717		2717				0
2718	2 refs JNL_quest2501#Favour for Fofora poplist2501#10	Inconvenient Kromar	Inconvenient Kromar	630	Kromar	0
2719	2 refs JNL_quest2501#Hekasa's Labour at Stake poplist2501#12	Ramrod Tirkin	Ramrod Tirkin	633	Tirkin	0
2720	2 refs JNL_quest2501#Ready, Setset, Go! poplist2501#13	Bodacious Rhogul	Bodacious Rhogul	544	Rhogul	0
2721	2 refs JNL_quest2501#Nonona's Calling poplist2501#14	Thing-a-Majicker XIII	Thing-a-Majicker XIII	630	Kromar	0
2722	2 refs JNL_quest2501#Incensed Dekadeka poplist2501#16	Slobbering Antol	Slobbering Antol	560	Antol	0
2723	2 refs JNL_quest2501#Priority Wunwun poplist2501#17	Cutpurse Igna	Cutpurse Igna	626	Igna	0
2724	2 refs JNL_quest2501#Ponspectors Till We Cry poplist2501#18	Prosecutor Davrum	Prosecutor Davrum	529	Dragon	0
2725	4 refs JNL_quest2501#No Armu Done poplist2501#26 poplist2501#27 poplist2501#28	Vicejaw Antol	Vicejaw Antol	561	Antol	0
2726	1 refs poplist2501#29	Somnivore Lexos	Somnivore Lexos	593	Lexos	0
2727	2 refs JNL_quest2501#Inclined to Climb poplist2501#30	Revenant Volff	Revenant Volff	500	Volff	0
2728	4 refs JNL_quest2501#Secure the Area poplist2501#31 poplist2501#32 poplist2501#33	Clamouring Pagul	Clamouring Pagul	582	Pagul	0
2729	2 refs JNL_quest2501#The Fallen poplist2501#34	Resentful Gael'gar	Resentful Gael'gar	806	White	0
2730	2 refs JNL_quest2501#The Future Within Our Grasp poplist2501#35	Diabolical Bana	Diabolical Bana	532	Pterix	0
2731	2 refs poplist2501#36 poplist2501#37	Glow Deinos	Glow Deinos	525	Deinos	0
2732	2 refs poplist2501#38 poplist2501#39	Dozy Eluca	Dozy Eluca	568	Eluca	0
2733		2733				0
2734		2734				0
2735		2735				0
2736		2736				0
2737		2737				0
2738		2738				0
2739		2739				0
2740		2740				0
2741	1 refs poplist2501#15	Slobbering Antol	Slobbering Antol	560	Antol	0
2742	3 refs poplist2501#23 poplist2501#24 poplist2501#25	Vicejaw Antol	Vicejaw Antol	561	Antol	0
2743	1 refs poplist2501#42	Air Marshal Reisenbach	Air Marshal Reisenbach	530	Pterix	0
2744	1 refs poplist2501#43	Marquis Odesh	Marquis Odesh	627	Igna	0
2745	1 refs poplist2501#44	Perceptive Quinops	Perceptive Quinops	644	Orluga	0
2746	1 refs poplist2501#45	Confluent Uzva	Confluent Uzva	551	White	0
2747	1 refs poplist2501#46	Booming Frederick	Booming Frederick	520	Brog	0
2748	1 refs poplist2501#47	Grotesque Deimis	Grotesque Deimis	565	White	0
2749	1 refs poplist2501#48	Cyclonic Yughana	Cyclonic Yughana	535	Tokilos	0
2750		NM枠	NM枠	516	Gogol	0
2751	1 refs poplist2501#49	Custodian Barreldart	Custodian Barreldart	595	Torta	0
2752	1 refs poplist2501#50	Terpsichorean Cenoth	Terpsichorean Cenoth	541	Flamii	0
2753	1 refs poplist2501#51	Caustic Naquatra	Caustic Naquatra	564	Queen	0
2754	1 refs poplist2501#52	Deputy Seagal	Deputy Seagal	911	Igna	0
2755	1 refs poplist2501#53	Ravager Apelpisía	Ravager Apelpisía	631	Kromar	0
2756	1 refs poplist2501#54	Phlegmatic Jamir	Phlegmatic Jamir	489	Bunnit	0
2757	1 refs poplist2501#55	Dismal Umya	Dismal Umya	524	Lizard	0
2758	1 refs poplist2501#56	Highborn Alexandra	Highborn Alexandra	511	Eks	0
2759	1 refs poplist2501#57	Contemptuous Greymane	Contemptuous Greymane	910	Gogol	0
2760	1 refs poplist2501#58	Quondam Grimbellum	Quondam Grimbellum	645	Orluga	0
2761	1 refs poplist2501#59	Buoyant Rostein	Buoyant Rostein	568	Eluca	0
2762	1 refs poplist2501#60	Citadel Tostega	Citadel Tostega	596	Tude	0
2763	17 refs JNL_quest2501#Praying Caterpile Control poplist2501#71 poplist2501#72 poplist2501#73 poplist2501#74 poplist2501#75 poplist2501#339 poplist2501#344 poplist2501#578 poplist2501#579 poplist2501#580 poplist2501#581 poplist2501#582 poplist2501#583 poplist2501#584 poplist2501#585 poplist2501#586	Praying Caterpile	Praying Caterpile	566	Caterpile	0
2764	12 refs poplist2501#333 poplist2501#360 poplist2501#361 poplist2501#377 poplist2501#378 poplist2501#490 poplist2501#491 poplist2501#492 poplist2501#493 poplist2501#494 poplist2501#495 poplist2501#496	Perna Eluca	Perna Eluca	568	Eluca	0
2765	6 refs poplist2501#228 poplist2501#230 poplist2501#243 poplist2501#244 poplist2501#245 poplist2501#246	Marble Krabble	Marble Krabble	581	Krabble	0
2766	10 refs poplist2501#76 poplist2501#77 poplist2501#78 poplist2501#79 poplist2501#132 poplist2501#134 poplist2501#136 poplist2501#138 poplist2501#140 poplist2501#145	Cruz Pagul	Cruz Pagul	582	Pagul	0
2767	4 refs poplist2501#80 poplist2501#81 poplist2501#82 poplist2501#83	Acid Upa	Acid Upa	522	Upa	0
2768	7 refs poplist2501#442 poplist2501#443 poplist2501#444 poplist2501#445 poplist2501#508 poplist2501#510 poplist2501#511	Prado Upa	Prado Upa	523	Upa	0
2769	9 refs poplist2501#254 poplist2501#255 poplist2501#256 poplist2501#615 poplist2501#616 poplist2501#617 poplist2501#618 poplist2501#621 poplist2501#622	Resplendent Flamii	Resplendent Flamii	539	Flamii	0
2770	8 refs poplist2501#84 poplist2501#85 poplist2501#86 poplist2501#612 poplist2501#613 poplist2501#614 poplist2501#619 poplist2501#620	Lake Flamii	Lake Flamii	540	Flamii	0
2771	2 refs poplist2501#412 poplist2501#415	Satorl Rhogul	Satorl Rhogul	544	Rhogul	0
2772	5 refs poplist2501#90 poplist2501#91 poplist2501#92 poplist2501#93 poplist2501#94	Makna Ansel	Makna Ansel	545	Ansel	0
2773	5 refs poplist2501#173 poplist2501#176 poplist2501#429 poplist2501#430 poplist2501#431	Spear Tirkin	Spear Tirkin	633	Tirkin	0
2774	8 refs poplist2501#175 poplist2501#176 poplist2501#177 poplist2501#179 poplist2501#429 poplist2501#430 poplist2501#431 poplist2501#446	Archer Tirkin	Archer Tirkin	637	Tirkin	0
2775	2 refs poplist2501#199 poplist2501#549	Ammos Orluga	Ammos Orluga	643	Orluga	0
2776	4 refs poplist2501#195 poplist2501#196 poplist2501#197 poplist2501#563	Sabulum Orluga	Sabulum Orluga	645	Orluga	0
2777	3 refs poplist2501#488 poplist2501#497 poplist2501#498	Suelo Orluga	Suelo Orluga	646	Orluga	0
2778	2 refs poplist2501#434 poplist2501#437	Ciconia Ekidno	Ciconia Ekidno	533	Ekidno	0
2779	13 refs poplist2501#201 poplist2501#202 poplist2501#203 poplist2501#204 poplist2501#205 poplist2501#206 poplist2501#207 poplist2501#208 poplist2501#550 poplist2501#551 poplist2501#552 poplist2501#555 poplist2501#558	Worker Arachno	Worker Arachno	556	Arachno	0
2780	5 refs poplist2501#204 poplist2501#207 poplist2501#208 poplist2501#556 poplist2501#557	Director Arachno	Director Arachno	557	Arachno	0
2781	21 refs poplist2501#69 poplist2501#70 poplist2501#115 poplist2501#116 poplist2501#117 poplist2501#121 poplist2501#122 poplist2501#123 poplist2501#124 poplist2501#260 poplist2501#261 poplist2501#263 poplist2501#264 poplist2501#336 poplist2501#337 poplist2501#338 poplist2501#587 poplist2501#588 poplist2501#589 poplist2501#590 poplist2501#591	Ridge Antol	Ridge Antol	560	Antol	0
2782	13 refs poplist2501#118 poplist2501#119 poplist2501#120 poplist2501#257 poplist2501#258 poplist2501#259 poplist2501#262 poplist2501#271 poplist2501#328 poplist2501#338 poplist2501#587 poplist2501#588 poplist2501#589	Red Antol	Red Antol	561	Antol	0
2783	2 refs poplist2501#548 poplist2501#557	Arachno Queen	Arachno Queen	563	Bug	0
2784	3 refs poplist2501#608 poplist2501#609 poplist2501#610	Colony Piranhax	Colony Piranhax	589	Piranhax	0
2785	3 refs JNL_quest2501#Evelen on the Edge poplist2501#217 poplist2501#218	Whapol Sardi	Whapol Sardi	590	Sardi	0
2786	1 refs poplist2501#611	Lunar Grady	Lunar Grady	591	Grady	0
2787	1 refs poplist2501#611	Sol Grady	Sol Grady	592	Grady	0
2788	5 refs poplist2501#272 poplist2501#273 poplist2501#274 poplist2501#342 poplist2501#343	Shadow Vang	Shadow Vang	553	Vang	0
2789	6 refs poplist2501#316 poplist2501#317 poplist2501#318 poplist2501#319 poplist2501#320 poplist2501#321	Leg Skeeter	Leg Skeeter	569	Skeeter	0
2790	11 refs poplist2501#61 poplist2501#62 poplist2501#125 poplist2501#128 poplist2501#221 poplist2501#223 poplist2501#225 poplist2501#340 poplist2501#341 poplist2501#602 poplist2501#605	Clowd Flier	Clowd Flier	574	Flier	0
2791	9 refs poplist2501#63 poplist2501#64 poplist2501#126 poplist2501#129 poplist2501#222 poplist2501#224 poplist2501#226 poplist2501#603 poplist2501#606	Light Wisp	Light Wisp	575	Wisp	0
2792	3 refs poplist2501#101 poplist2501#102 poplist2501#220	Leg Armu	Leg Armu	503	Armu	0
2793	3 refs poplist2501#102 poplist2501#153 poplist2501#219	Leg Ardun	Leg Ardun	505	Ardun	0
2794	3 refs poplist2501#101 poplist2501#102 poplist2501#220	Baby Armu	Baby Armu	503	Armu	0
2795	4 refs poplist2501#97 poplist2501#98 poplist2501#99 poplist2501#100	Makna Eks	Makna Eks	510	Eks	0
2796	13 refs poplist2501#237 poplist2501#238 poplist2501#345 poplist2501#346 poplist2501#347 poplist2501#348 poplist2501#392 poplist2501#393 poplist2501#394 poplist2501#395 poplist2501#396 poplist2501#397 poplist2501#411	Lampo Ponio	Lampo Ponio	513	Ponio	0
2797	14 refs poplist2501#294 poplist2501#300 poplist2501#301 poplist2501#302 poplist2501#303 poplist2501#304 poplist2501#305 poplist2501#306 poplist2501#307 poplist2501#308 poplist2501#312 poplist2501#468 poplist2501#471 poplist2501#473	Sloth Gogol	Sloth Gogol	908	Gogol	0
2798	9 refs poplist2501#164 poplist2501#165 poplist2501#166 poplist2501#167 poplist2501#168 poplist2501#169 poplist2501#170 poplist2501#171 poplist2501#172	Gluttony Gogol	Gluttony Gogol	909	Gogol	0
2799	1 refs poplist2501#436	Lelepago Pterix	Lelepago Pterix	530	Pterix	0
2800	5 refs poplist2501#504 poplist2501#506 poplist2501#507 poplist2501#509 poplist2501#511	Poison Brog	Poison Brog	519	Brog	0
2801	6 refs JNL_quest2501#Supplant the Noble Brogs poplist2501#146 poplist2501#147 poplist2501#148 poplist2501#149 poplist2501#150	Noble Brog	Noble Brog	520	Brog	0
2802	3 refs poplist2501#544 poplist2501#545 poplist2501#546	Eryth Rhana	Eryth Rhana	521	Rhana	0
2803	20 refs poplist2501#322 poplist2501#324 poplist2501#326 poplist2501#351 poplist2501#353 poplist2501#356 poplist2501#358 poplist2501#368 poplist2501#370 poplist2501#373 poplist2501#375 poplist2501#384 poplist2501#454 poplist2501#456 poplist2501#458 poplist2501#459 poplist2501#484 poplist2501#486 poplist2501#503 poplist2501#505	Petra Apis	Petra Apis	571	Apis	0
2804	22 refs poplist2501#322 poplist2501#324 poplist2501#326 poplist2501#351 poplist2501#353 poplist2501#356 poplist2501#358 poplist2501#368 poplist2501#370 poplist2501#373 poplist2501#375 poplist2501#384 poplist2501#454 poplist2501#456 poplist2501#458 poplist2501#459 poplist2501#484 poplist2501#486 poplist2501#503 poplist2501#505 poplist2501#624 poplist2501#626	Klanis Apis	Klanis Apis	572	Apis	0
2805	4 refs poplist2501#191 poplist2501#192 poplist2501#193 poplist2501#199	Fighter Igna	Fighter Igna	911	Igna	0
2806	2 refs poplist2501#180 poplist2501#183	Duel Igna	Duel Igna	627	Igna	0
2807	8 refs poplist2501#181 poplist2501#184 poplist2501#191 poplist2501#192 poplist2501#194 poplist2501#197 poplist2501#198 poplist2501#568	Barbaro Igna	Barbaro Igna	628	Igna	0
2808	7 refs poplist2501#182 poplist2501#190 poplist2501#191 poplist2501#192 poplist2501#193 poplist2501#565 poplist2501#566	Ether Igna	Ether Igna	629	Igna	0
2809	3 refs poplist2501#311 poplist2501#313 poplist2501#514	Somati Kromar	Somati Kromar	912	Kromar	0
2810	10 refs poplist2501#292 poplist2501#293 poplist2501#309 poplist2501#314 poplist2501#315 poplist2501#469 poplist2501#470 poplist2501#472 poplist2501#502 poplist2501#513	Maleza Kromar	Maleza Kromar	631	Kromar	0
2811	7 refs poplist2501#310 poplist2501#311 poplist2501#312 poplist2501#314 poplist2501#468 poplist2501#470 poplist2501#512	Flutes Kromar	Flutes Kromar	632	Kromar	0
2812	7 refs poplist2501#104 poplist2501#105 poplist2501#106 poplist2501#108 poplist2501#570 poplist2501#574 poplist2501#575	Little Bunnit	Little Bunnit	488	Bunnit	0
2813	8 refs poplist2501#67 poplist2501#68 poplist2501#103 poplist2501#107 poplist2501#108 poplist2501#499 poplist2501#500 poplist2501#575	Wood Bunnit	Wood Bunnit	489	Bunnit	0
2814	4 refs poplist2501#215 poplist2501#231 poplist2501#235 poplist2501#600	Satorl Volff	Satorl Volff	906	Volff	0
2815	27 refs poplist2501#9 poplist2501#151 poplist2501#152 poplist2501#211 poplist2501#212 poplist2501#213 poplist2501#214 poplist2501#215 poplist2501#216 poplist2501#231 poplist2501#232 poplist2501#233 poplist2501#234 poplist2501#236 poplist2501#248 poplist2501#275 poplist2501#276 poplist2501#277 poplist2501#278 poplist2501#279 poplist2501#280 poplist2501#460 poplist2501#461 poplist2501#462 poplist2501#569 poplist2501#600 poplist2501#601	Leg Volff	Leg Volff	500	Volff	0
2816	5 refs JNL_quest2501#Ether Font poplist2501#21 poplist2501#22 poplist2501#88 poplist2501#89	Wind Nebula	Wind Nebula	597	Uranus	0
2817	4 refs poplist2501#479 poplist2501#486 poplist2501#592 poplist2501#593	Caris Nebula	Caris Nebula	598	Mercury	0
2818	19 refs JNL_quest2501#Ether Font poplist2501#19 poplist2501#20 poplist2501#41 poplist2501#65 poplist2501#66 poplist2501#87 poplist2501#95 poplist2501#96 poplist2501#127 poplist2501#130 poplist2501#142 poplist2501#240 poplist2501#242 poplist2501#595 poplist2501#597 poplist2501#599 poplist2501#604 poplist2501#607	Aqua Nebula	Aqua Nebula	599	Saturn	0
2819	3 refs poplist2501#41 poplist2501#239 poplist2501#241	Bagrus Nebula	Bagrus Nebula	600	Mars	0
2820	25 refs poplist2501#323 poplist2501#325 poplist2501#327 poplist2501#352 poplist2501#354 poplist2501#355 poplist2501#357 poplist2501#359 poplist2501#369 poplist2501#371 poplist2501#372 poplist2501#374 poplist2501#376 poplist2501#385 poplist2501#413 poplist2501#416 poplist2501#455 poplist2501#457 poplist2501#485 poplist2501#487 poplist2501#538 poplist2501#541 poplist2501#543 poplist2501#625 poplist2501#627	Grom Nebula	Grom Nebula	601	Jupiter	0
2821	10 refs poplist2501#109 poplist2501#110 poplist2501#111 poplist2501#112 poplist2501#400 poplist2501#401 poplist2501#402 poplist2501#403 poplist2501#404 poplist2501#426	Morule Hox	Morule Hox	498	Hox	0
2822	5 refs poplist2501#109 poplist2501#113 poplist2501#114 poplist2501#386 poplist2501#405	Doom Hox	Doom Hox	497	Hox	0
2823	5 refs poplist2501#523 poplist2501#524 poplist2501#525 poplist2501#526 poplist2501#527	Plasma Deinos	Plasma Deinos	525	Deinos	0
2824	3 refs poplist2501#432 poplist2501#440 poplist2501#441	Inferno Deinos	Inferno Deinos	526	Deinos	0
2825	11 refs JNL_quest2501#Riddle Faifa This poplist2501#11 poplist2501#296 poplist2501#297 poplist2501#298 poplist2501#299 poplist2501#315 poplist2501#438 poplist2501#439 poplist2501#466 poplist2501#470	Green Feris	Green Feris	907	Feris	0
2826	11 refs poplist2501#209 poplist2501#210 poplist2501#265 poplist2501#266 poplist2501#267 poplist2501#268 poplist2501#269 poplist2501#270 poplist2501#559 poplist2501#560 poplist2501#561	Daksha Pod	Daksha Pod	652	White	0
2827	2 refs poplist2501#185 poplist2501#200	Unine Hode	Unine Hode	639	White	0
2828	1 refs poplist2501#192	Tarifa Hode	Tarifa Hode	640	White	0
2829	3 refs poplist2501#195 poplist2501#199 poplist2501#547	Hyle Hode	Hyle Hode	641	White	0
2830	5 refs poplist2501#186 poplist2501#187 poplist2501#188 poplist2501#189 poplist2501#567	Watcher Hode	Watcher Hode	642	White	0
2831	11 refs poplist2501#227 poplist2501#229 poplist2501#390 poplist2501#418 poplist2501#419 poplist2501#623 poplist2501#628 poplist2501#629 poplist2501#630 poplist2501#631 poplist2501#632	Eryth Hiln	Eryth Hiln	555	White	0
2832	9 refs poplist2501#362 poplist2501#363 poplist2501#366 poplist2501#367 poplist2501#388 poplist2501#406 poplist2501#407 poplist2501#408 poplist2501#409	Jungle Quadwing	Jungle Quadwing	549	White	0
2833	7 refs poplist2501#534 poplist2501#535 poplist2501#536 poplist2501#537 poplist2501#539 poplist2501#540 poplist2501#542	Coppice Quadwing	Coppice Quadwing	550	White	0
2834	8 refs poplist2501#452 poplist2501#453 poplist2501#478 poplist2501#479 poplist2501#480 poplist2501#481 poplist2501#482 poplist2501#483	Grove Quadwing	Grove Quadwing	551	White	0
2835	15 refs poplist2501#131 poplist2501#133 poplist2501#135 poplist2501#137 poplist2501#139 poplist2501#141 poplist2501#143 poplist2501#144 poplist2501#410 poplist2501#424 poplist2501#425 poplist2501#572 poplist2501#594 poplist2501#596 poplist2501#598	Light Skeeter	Light Skeeter	569	White	0
2836	2 refs poplist2501#532 poplist2501#533	Laeklit Mammut	Laeklit Mammut	538	White	0
2837	2 refs poplist2501#515 poplist2501#531	Deinos Sauros	Deinos Sauros	528	White	0
2838	6 refs poplist2501#173 poplist2501#175 poplist2501#176 poplist2501#179 poplist2501#431 poplist2501#446	Brave Tirkin	Brave Tirkin	635	White	0
2839	4 refs poplist2501#448 poplist2501#449 poplist2501#450 poplist2501#451	Satorl Torta	Satorl Torta	595	Torta	0
2840	1 refs poplist2501#249	Sestago Lexos	Sestago Lexos	594	Lexos	0
2841	3 refs poplist2501#474 poplist2501#476 poplist2501#477	Setor Eks	Setor Eks	511	Eks	0
2842	3 refs poplist2501#528 poplist2501#529 poplist2501#530	Krawla Slobos	Krawla Slobos	649	Slobos	0
2843	11 refs poplist2501#330 poplist2501#349 poplist2501#350 poplist2501#364 poplist2501#365 poplist2501#380 poplist2501#381 poplist2501#499 poplist2501#501 poplist2501#576 poplist2501#577	Ogre Bunnia	Ogre Bunnia	495	Bunnia	0
2844	10 refs poplist2501#330 poplist2501#331 poplist2501#332 poplist2501#349 poplist2501#364 poplist2501#380 poplist2501#381 poplist2501#500 poplist2501#501 poplist2501#577	Ether Bunnia	Ether Bunnia	496	Bunnia	0
2845	8 refs poplist2501#250 poplist2501#251 poplist2501#252 poplist2501#253 poplist2501#398 poplist2501#399 poplist2501#414 poplist2501#417	Monta Moramora	Monta Moramora	586	White	0
2846	1 refs poplist2501#564	Arena Orluga	Arena Orluga	647	Orluga	0
2847	6 refs poplist2501#517 poplist2501#518 poplist2501#519 poplist2501#520 poplist2501#521 poplist2501#522	Jewel Krabble	Jewel Krabble	585	Krabble	0
2848	3 refs poplist2501#174 poplist2501#178 poplist2501#447	Watch Chilkin	Watch Chilkin	638	Chilkin	0
2849	22 refs poplist2501#322 poplist2501#324 poplist2501#326 poplist2501#351 poplist2501#353 poplist2501#356 poplist2501#358 poplist2501#368 poplist2501#370 poplist2501#373 poplist2501#375 poplist2501#384 poplist2501#454 poplist2501#456 poplist2501#458 poplist2501#459 poplist2501#484 poplist2501#486 poplist2501#503 poplist2501#505 poplist2501#624 poplist2501#626	Corladio Apis	Corladio Apis	577	Apis	0
2850	2 refs poplist2501#382 poplist2501#383	Leg Tokilos	Leg Tokilos	535	Tokilos	0
2851		Arm Bunnit	Arm Bunnit	488	Bunnit	0
2852	1 refs poplist2501#566	Goldi Kromar	Goldi Kromar	912	Kromar	0
2853	4 refs poplist2501#547 poplist2501#553 poplist2501#554 poplist2501#562	Trava Kromar	Trava Kromar	631	Kromar	0
2854	7 refs poplist2501#234 poplist2501#247 poplist2501#248 poplist2501#420 poplist2501#421 poplist2501#422 poplist2501#423	Bosque Hode	Bosque Hode	640	White	0
2855	1 refs poplist2501#52	Leg Volff	Leg Volff	500	Volff	0
2856		2856				0
2857		2857				0
2858		2858				0
2859		2859				0
2860		2860				0
2861		2861				0
2862		2862				0
2863		2863				0
2864		2864				0
2865		2865				0
2866		2866				0
2867	15 refs poplist2501#281 poplist2501#282 poplist2501#283 poplist2501#284 poplist2501#285 poplist2501#286 poplist2501#287 poplist2501#288 poplist2501#289 poplist2501#290 poplist2501#291 poplist2501#313 poplist2501#463 poplist2501#464 poplist2501#465	Sloth Gogol	Sloth Gogol	908	Gogol	0
2868	10 refs poplist2501#40 poplist2501#155 poplist2501#156 poplist2501#157 poplist2501#158 poplist2501#159 poplist2501#160 poplist2501#161 poplist2501#162 poplist2501#163	Gluttony Gogol	Gluttony Gogol	909	Gogol	0
2869	2 refs poplist2501#427 poplist2501#428	Green Feris	Green Feris	907	Feris	0
2870		2870				0
2871		2871				0
2872	1 refs poplist2501#391	Eryth Hiln	Eryth Hiln	555	White	0
2873	1 refs poplist2501#387	Doom Hox	Doom Hox	497	Hox	0
2874	1 refs poplist2501#389	Jungle Quadwing	Jungle Quadwing	549	White	0
2875	1 refs poplist2501#329	Red Antol	Red Antol	561	Antol	0
2876	2 refs poplist2501#331 poplist2501#332	Ogre Bunnia	Ogre Bunnia	495	Bunnia	0
2877	2 refs poplist2501#334 poplist2501#335	Perna Eluca	Perna Eluca	568	Eluca	0
2878	1 refs poplist2501#571	Little Bunnit	Little Bunnit	488	Bunnit	0
2879	1 refs poplist2501#573	Light Skeeter	Light Skeeter	569	Skeeter	0
2880	1 refs poplist2501#379	Petra Apis	Petra Apis	571	Apis	0
2881	1 refs poplist2501#433	Inferno Deinos	Inferno Deinos	526	Deinos	0
2882	1 refs poplist2501#435	Ciconia Ekidno	Ciconia Ekidno	533	Ekidno	0
2883	1 refs poplist2501#467	Green Feris	Green Feris	907	Feris	0
2884	1 refs poplist2501#216	Satorl Volff	Satorl Volff	906	Volff	0
2885	1 refs poplist2501#295	Sloth Gogol	Sloth Gogol	908	Gogol	0
2886	1 refs poplist2501#516	Deinos Sauros	Deinos Sauros	528	White	0
2887	1 refs poplist2501#475	Setor Eks	Setor Eks	511	Eks	0
2888	1 refs poplist2501#489	Suelo Orluga	Suelo Orluga	646	Orluga	0
2889	1 refs poplist2501#154	Leg Ardun	Leg Ardun	505	Ardun	0
2890		2890				0
2891		2891				0
2892		2892				0
2893		2893				0
2894		2894				0
2895		2895				0
2896		2896				0
2897		2897				0
2898		2898				0
2899		2899				0
2900		2900				0
2901	1 refs poplist2601#1	Snowal Taos	Snowal Taos	536	Taos	0
2902	1 refs poplist2601#2	Fog King	Fog King	681	White	0
2903	1 refs poplist2601#3	Fog King	Fog King	682	White	0
2904	1 refs poplist2601#5	Fog Knight	Fog Knight	805	White	0
2905	3 refs poplist2601#11 poplist2601#12 poplist2601#13	Chloro Laia	Chloro Laia	588	White	0
2906		Kyel Lexos	Kyel Lexos	593	White	0
2907	6 refs poplist2601#14 poplist2601#15 poplist2601#16 poplist2601#18 poplist2601#20 poplist2601#21	Reef Nebula	Reef Nebula	602	Venus	0
2908		Snowal Taos	Snowal Taos	536	Taos	0
2909		Leg Tokilos	Leg Tokilos	535	Tokilos	0
2910	3 refs poplist2601#17 poplist2601#19 poplist2601#22	Atomis Ansel	Atomis Ansel	546	Ansel	0
2911		Korlba Pterix	Korlba Pterix	530	Pterix	0
2912		2912		409	White	0
2913		2913		409	White	0
2914		2914		409	White	0
2915		2915		409	White	0
2916		2916		409	White	0
2917		2917		409	White	0
2918		2918		409	White	0
2919		2919		409	White	0
2920		2920		409	White	0
2921		2921		409	White	0
2922		Reef Nebula	Reef Nebula	602	Venus	0
2923	1 refs poplist2601#6	Kyel Lexos	Kyel Lexos	593	White	0
2924		Kyel Lexos	Kyel Lexos	593	White	0
2925	1 refs poplist2601#10	Chloro Laia	Chloro Laia	588	White	0
2926		Chloro Laia	Chloro Laia	588	White	0
2927	1 refs poplist2601#8	Snowal Taos	Snowal Taos	536	Taos	0
2928	1 refs poplist2601#9	Leg Tokilos	Leg Tokilos	535	Tokilos	0
2929	1 refs poplist2601#7	Korlba Pterix	Korlba Pterix	530	Pterix	0
2930		2930		409	White	0
2931		2931		409	White	0
2932	1 refs poplist2601#4	Fog Knight	Fog Knight	805	White	0
2933		2933		409	White	0
2934		2934		409	White	0
2935		2935		409	White	0
2936		2936		409	White	0
2937		2937		409	White	0
2938		2938		409	White	0
2939		2939		409	White	0
2940		2940		409	White	0
2941		2941		409	White	0
2942		2942		409	White	0
2943		2943		409	White	0
2944		2944		409	White	0
2945		2945		409	White	0
2946		2946		409	White	0
2947		2947		409	White	0
2948		2948		409	White	0
2949		2949		409	White	0
2950		2950		409	White	0
2951		2951		409	White	0
2952		2952		409	White	0
2953		2953		409	White	0
2954		2954		409	White	0
2955		2955		409	White	0
2956		2956		409	White	0
2957		2957		409	White	0
2958		2958		409	White	0
2959		2959		409	White	0
2960		2960		409	White	0
2961		2961		409	White	0
2962		2962		409	White	0
2963		2963		409	White	0
2964		2964		409	White	0
2965		2965		409	White	0
2966		2966		409	White	0
2967		2967		409	White	0
2968		2968		409	White	0
2969		2969		409	White	0
2970		2970		409	White	0
2971		2971		409	White	0
2972		2972		409	White	0
2973		2973		409	White	0
2974		2974		409	White	0
2975		2975		409	White	0
2976		2976		409	White	0
2977		2977		409	White	0
2978		2978		409	White	0
2979		2979		409	White	0
2980		2980		409	White	0
2981		2981		409	White	0
2982		2982		409	White	0
2983		2983		409	White	0
2984		2984		409	White	0
2985		2985		409	White	0
2986		2986		409	White	0
2987		2987		409	White	0
2988		2988		409	White	0
2989		2989		409	White	0
2990		2990		409	White	0
2991		2991		409	White	0
2992		2992		409	White	0
2993		2993		409	White	0
2994		2994		409	White	0
2995		2995		409	White	0
2996		2996		409	White	0
2997		2997		409	White	0
2998		2998		622	White	0
2999		2999		612	White	0
3000		3000				0
3001		3001		409	White	0
3002		3002		409	White	0
3003		3003		409	White	0
3004		3004		409	White	0
3005		3005		409	White	0
3006		3006		409	White	0
3007		3007		409	White	0
3008		3008		409	White	0
3009		3009		409	White	0
3010		3010		409	White	0
3011		3011		409	White	0
3012		3012		409	White	0
3013		3013		409	White	0
3014		3014		409	White	0
3015		3015		409	White	0
3016		3016		409	White	0
3017		3017		409	White	0
3018		3018		409	White	0
3019		3019		409	White	0
3020		3020		409	White	0
3021		3021		409	White	0
3022		3022		409	White	0
3023		3023		409	White	0
3024		3024		409	White	0
3025		3025		409	White	0
3026		3026		409	White	0
3027		3027		409	White	0
3028		3028		409	White	0
3029		3029		409	White	0
3030		3030		409	White	0
3031		3031		409	White	0
3032		3032		409	White	0
3033		3033		409	White	0
3034		3034		409	White	0
3035		3035		409	White	0
3036		3036		409	White	0
3037		3037		409	White	0
3038		3038		409	White	0
3039		3039		409	White	0
3040		3040		409	White	0
3041		3041		409	White	0
3042		3042		409	White	0
3043		3043		409	White	0
3044		3044		409	White	0
3045		3045		409	White	0
3046		3046		409	White	0
3047		3047		409	White	0
3048		3048		409	White	0
3049		3049		409	White	0
3050		3050		409	White	0
3051	1 refs poplist5101#1	Colony Krabble	Colony Krabble	579	Krabble	0
3052	1 refs poplist5101#1	Marble Krabble	Marble Krabble	581	Krabble	0
3053	1 refs poplist5101#2	Baby Armu	Baby Armu	503	Armu	0
3054	1 refs poplist5101#3	Knuckle Bunnit	Knuckle Bunnit	488	Bunnit	0
3055	1 refs poplist5101#3	Wood Bunnit	Wood Bunnit	489	Bunnit	0
3056	1 refs poplist5101#3	Junk Bunnit	Junk Bunnit	490	Bunnit	0
3057		3057		409	White	0
3058		3058		409	White	0
3059		3059		409	White	0
3060		3060		409	White	0
3061		3061		409	White	0
3062		3062		409	White	0
3063		3063		409	White	0
3064		3064		409	White	0
3065		3065		409	White	0
3066		3066		409	White	0
3067		3067		409	White	0
3068		3068		409	White	0
3069		3069		409	White	0
3070		3070		409	White	0
3071		3071		409	White	0
3072		3072		409	White	0
3073		3073		409	White	0
3074		3074		409	White	0
3075		3075		409	White	0
3076		3076		409	White	0
3077		3077		409	White	0
3078		3078		409	White	0
3079		3079		409	White	0
3080		3080		409	White	0
3081		3081		409	White	0
3082		3082		409	White	0
3083		3083		409	White	0
3084		3084		409	White	0
3085		3085		409	White	0
3086		3086		409	White	0
3087		3087		409	White	0
3088		3088		409	White	0
3089		3089		409	White	0
3090		3090		409	White	0
3091		3091		409	White	0
3092		3092		409	White	0
3093		3093		409	White	0
3094		3094		409	White	0
3095		Little Bunnit	Little Bunnit	488	Bunnit	0
3096		Hand Bunnit	Hand Bunnit	488	Bunnit	0
3097		Knuckle Bunnit	Knuckle Bunnit	488	Bunnit	0
3098		Wood Bunnit	Wood Bunnit	489	Bunnit	0
3099		Hitter Bunnit	Hitter Bunnit	489	Bunnit	0
3100		Speedy Ramshyde	Speedy Ramshyde	490	Bunnit	0
3101	1 refs poplist5201#1	Black Flamii	Black Flamii	540	Flamii	0
3102	1 refs poplist5201#1	Oasis Flamii	Oasis Flamii	541	Flamii	0
3103	1 refs poplist5201#2	Leg Skeeter	Leg Skeeter	569	Skeeter	0
3104	1 refs poplist5201#2	Clowd Flier	Clowd Flier	574	Flier	0
3105	1 refs poplist5201#3	Gust Vang	Gust Vang	553	Vang	0
3106	1 refs poplist5201#4	Archer Tirkin	Archer Tirkin	637	Tirkin	0
3107		3107		409	White	0
3108		3108		409	White	0
3109		3109		409	White	0
3110		3110		409	White	0
3111		3111		409	White	0
3112		3112		409	White	0
3113		3113		409	White	0
3114		3114		409	White	0
3115		3115		409	White	0
3116		3116		409	White	0
3117		3117		409	White	0
3118		3118		409	White	0
3119		3119		409	White	0
3120		3120		409	White	0
3121		3121		409	White	0
3122		3122		409	White	0
3123		3123		409	White	0
3124		3124		409	White	0
3125		3125		409	White	0
3126		3126		409	White	0
3127		3127		409	White	0
3128		3128		409	White	0
3129		3129		409	White	0
3130		3130		409	White	0
3131		3131		409	White	0
3132		3132		409	White	0
3133		3133		409	White	0
3134		3134		409	White	0
3135		3135		409	White	0
3136		3136		409	White	0
3137		3137		409	White	0
3138		3138		409	White	0
3139		3139		409	White	0
3140		3140		409	White	0
3141		3141		409	White	0
3142		3142		409	White	0
3143		3143		409	White	0
3144		3144		409	White	0
3145		3145		409	White	0
3146		3146		409	White	0
3147		3147		409	White	0
3148		3148		409	White	0
3149		3149		409	White	0
3150		3150		409	White	0
3151	1 refs poplist5301#1	Colony Upa	Colony Upa	522	Upa	0
3152	1 refs poplist5301#3	Colony Lizard	Colony Lizard	524	Lizard	0
3153	1 refs poplist5301#2	Materia Krabble	Materia Krabble	585	Krabble	0
3154	1 refs poplist5301#1	Mechon M32X	Mechon M32X	414	White	0
3155	1 refs poplist5301#2	Mechon M53X	Mechon M53X	409	White	0
3156	1 refs poplist5301#3	Mechon M64X	Mechon M64X	423	White	0
3157		3157		409	White	0
3158		3158		409	White	0
3159		3159		409	White	0
3160		3160		409	White	0
3161		3161		409	White	0
3162		3162		409	White	0
3163		3163		409	White	0
3164		3164		409	White	0
3165		3165		409	White	0
3166		3166		409	White	0
3167		3167		409	White	0
3168		3168		409	White	0
3169		3169		409	White	0
3170		3170		409	White	0
3171		3171		409	White	0
3172		3172		409	White	0
3173		3173		409	White	0
3174		3174		409	White	0
3175		3175		409	White	0
3176		3176		409	White	0
3177		3177		409	White	0
3178		3178		409	White	0
3179		3179		409	White	0
3180		3180		409	White	0
3181		3181		409	White	0
3182		3182		409	White	0
3183		3183		409	White	0
3184		3184		409	White	0
3185		3185		409	White	0
3186		3186		409	White	0
3187		3187		409	White	0
3188		3188		409	White	0
3189		3189		409	White	0
3190		3190		409	White	0
3191		3191		409	White	0
3192		3192		409	White	0
3193		3193		409	White	0
3194		3194		409	White	0
3195		3195		409	White	0
3196		3196		409	White	0
3197		3197		409	White	0
3198		3198		409	White	0
3199		3199		409	White	0
3200		3200		409	White	0
3201	1 refs poplist5401#1	Plasma Deinos	Plasma Deinos	525	Deinos	0
3202	1 refs poplist5401#1	Terra Orluga	Terra Orluga	646	Orluga	0
3203	1 refs poplist5401#2	Inferno Deinos	Inferno Deinos	526	Deinos	0
3204	1 refs poplist5401#2	Bosque Hode	Bosque Hode	640	Hode	0
3205	1 refs poplist5401#2	Lupus Feris	Lupus Feris	501	Feris	0
3206		3206		409	White	0
3207		3207		409	White	0
3208		3208		409	White	0
3209		3209		409	White	0
3210		3210		409	White	0
3211		3211		409	White	0
3212		3212		409	White	0
3213		3213		409	White	0
3214		3214		409	White	0
3215		3215		409	White	0
3216		3216		409	White	0
3217		3217		409	White	0
3218		3218		409	White	0
3219		3219		409	White	0
3220		3220		409	White	0
3221		3221		409	White	0
3222		3222		409	White	0
3223		3223		409	White	0
3224		3224		409	White	0
3225		3225		409	White	0
3226		3226		409	White	0
3227		3227		409	White	0
3228		3228		409	White	0
3229		3229		409	White	0
3230		3230		409	White	0
3231		3231		409	White	0
3232		3232		409	White	0
3233		3233		409	White	0
3234		3234		409	White	0
3235		3235		409	White	0
3236		3236		409	White	0
3237		3237		409	White	0
3238		3238		409	White	0
3239		3239		409	White	0
3240		3240		409	White	0
3241		3241		409	White	0
3242		3242		409	White	0
3243		3243		409	White	0
3244		3244		409	White	0
3245		3245		409	White	0
3246		3246		409	White	0
3247		3247		409	White	0
3248		3248		409	White	0
3249		3249		409	White	0
3250		3250		409	White	0
3251	1 refs poplist5501#1	Mistol Igna	Mistol Igna	629	Igna	0
3252	1 refs poplist5501#1	Barbaro Igna	Barbaro Igna	628	Igna	0
3253	1 refs poplist5501#2	Guard Igna	Guard Igna	627	Igna	0
3254	1 refs poplist5501#3	Maleza Kromar	Maleza Kromar	631	Kromar	0
3255	1 refs poplist5501#4	Otol Kromar	Otol Kromar	632	Kromar	0
3256	1 refs poplist5501#4	Fighter Igna	Fighter Igna	626	Igna	0
3257		3257		409	White	0
3258		3258		409	White	0
3259		3259		409	White	0
3260		3260		409	White	0
3261		3261		409	White	0
3262		3262		409	White	0
3263		3263		409	White	0
3264		3264		409	White	0
3265		3265		409	White	0
3266		3266		409	White	0
3267		3267		409	White	0
3268		3268		409	White	0
3269		3269		409	White	0
3270		3270		409	White	0
3271		3271		409	White	0
3272		3272		409	White	0
3273		3273		409	White	0
3274		3274		409	White	0
3275		3275		409	White	0
3276		3276		409	White	0
3277		3277		409	White	0
3278		3278		409	White	0
3279		3279		409	White	0
3280		3280		409	White	0
3281		3281		409	White	0
3282		3282		409	White	0
3283		3283		409	White	0
3284		3284		409	White	0
3285		3285		409	White	0
3286		3286		409	White	0
3287		3287		409	White	0
3288		3288		409	White	0
3289		3289		409	White	0
3290		3290		409	White	0
3291		3291		409	White	0
3292		3292		409	White	0
3293		3293		409	White	0
3294		3294		409	White	0
3295		3295		409	White	0
3296		3296		409	White	0
3297		3297		409	White	0
3298		3298		409	White	0
3299		3299		409	White	0
3300		3300		409	White	0
3301	1 refs poplist5601#1	Offensive Security Unit	Offensive Security Unit	453	White	0
3302	1 refs poplist5601#2	Caelum Volff	Caelum Volff	500	Volff	0
3303	1 refs poplist5601#3	Lampo Ponio	Lampo Ponio	513	Ponio	0
3304	1 refs poplist5601#3	Scout Unit Prototype	Scout Unit Prototype	442	White	0
3305	1 refs poplist5601#4	Offensive Seeker Unit	Offensive Seeker Unit	452	White	0
3306	1 refs poplist5601#5	Rius Antol	Rius Antol	560	Antol	0
3307		3307		409	White	0
3308		3308		409	White	0
3309		3309		409	White	0
3310		3310		409	White	0
3311		3311		409	White	0
3312		3312		409	White	0
3313		3313		409	White	0
3314		3314		409	White	0
3315		3315		409	White	0
3316		3316		409	White	0
3317		3317		409	White	0
3318		3318		409	White	0
3319		3319		409	White	0
3320		3320		409	White	0
3321		3321		409	White	0
3322		3322		409	White	0
3323		3323		409	White	0
3324		3324		409	White	0
3325		3325		409	White	0
3326		3326		409	White	0
3327		3327		409	White	0
3328		3328		409	White	0
3329		3329		409	White	0
3330		3330		409	White	0
3331		3331		409	White	0
3332		3332		409	White	0
3333		3333		409	White	0
3334		3334		409	White	0
3335		3335		409	White	0
3336		3336		409	White	0
3337		3337		409	White	0
3338		3338		409	White	0
3339		3339		409	White	0
3340		3340		409	White	0
3341		3341		409	White	0
3342		3342		409	White	0
3343		3343		409	White	0
3344		3344		409	White	0
3345		3345		409	White	0
3346		3346		409	White	0
3347		3347		409	White	0
3348		3348		409	White	0
3349		3349		409	White	0
3350		3350		409	White	0
3351	1 refs poplist5701#1	Defensive/ONION	Defensive/ONION	449	White	0
3352	1 refs poplist5701#1	Infernal Crocell	Infernal Crocell	450	White	0
3353	1 refs poplist5701#2	M57/FAITH	M57/FAITH	411	White	0
3354	1 refs poplist5701#2	Revolutionary Bifrons	Revolutionary Bifrons	431	White	0
3355		3355		409	White	0
3356		3356		409	White	0
3357		3357		409	White	0
3358		3358		409	White	0
3359		3359		409	White	0
3360		3360		409	White	0
3361		3361		409	White	0
3362		3362		409	White	0
3363		3363		409	White	0
3364		3364		409	White	0
3365		3365		409	White	0
3366		3366		409	White	0
3367		3367		409	White	0
3368		3368		409	White	0
3369		3369		409	White	0
3370		3370		409	White	0
3371		3371		409	White	0
3372		3372		409	White	0
3373		3373		409	White	0
3374		3374		409	White	0
3375		3375		409	White	0
3376		3376		409	White	0
3377		3377		409	White	0
3378		3378		409	White	0
3379		3379		409	White	0
3380		3380		409	White	0
3381		3381		409	White	0
3382		3382		409	White	0
3383		3383		409	White	0
3384		3384		409	White	0
3385		3385		409	White	0
3386		3386		409	White	0
3387		3387		409	White	0
3388		3388		409	White	0
3389		3389		409	White	0
3390		3390		409	White	0
3391		3391		409	White	0
3392		3392		409	White	0
3393		3393		409	White	0
3394		3394		409	White	0
3395		3395		409	White	0
3396		3396		409	White	0
3397		3397		409	White	0
3398		3398		409	White	0
3399		3399		409	White	0
3400		3400		409	White	0
3401	1 refs poplist5801#1	Mumkhar	Mumkhar	468	White	896
3402	1 refs poplist5801#2	Mumkhar	Mumkhar	624	White	901
3403		3403		409	White	0
3404		3404		409	White	0
3405		3405		409	White	0
3406		3406		409	White	0
3407		3407		409	White	0
3408		3408		409	White	0
3409		3409		409	White	0
3410		3410		409	White	0
3411		3411		409	White	0
3412		3412		409	White	0
3413		3413		409	White	0
3414		3414		409	White	0
3415		3415		409	White	0
3416		3416		409	White	0
3417		3417		409	White	0
3418		3418		409	White	0
3419		3419		409	White	0
3420		3420		409	White	0
3421		3421		409	White	0
3422		3422		409	White	0
3423		3423		409	White	0
3424		3424		409	White	0
3425		3425		409	White	0
3426		3426		409	White	0
3427		3427		409	White	0
3428		3428		409	White	0
3429		3429		409	White	0
3430		3430		409	White	0
3431		3431		409	White	0
3432		3432		409	White	0
3433		3433		409	White	0
3434		3434		409	White	0
3435		3435		409	White	0
3436		3436		409	White	0
3437		3437		409	White	0
3438		3438		409	White	0
3439		3439		409	White	0
3440		3440		409	White	0
3441		3441		409	White	0
3442		3442		409	White	0
3443		3443		409	White	0
3444		3444		409	White	0
3445		3445		409	White	0
3446		3446		409	White	0
3447		3447		409	White	0
3448		3448		409	White	0
3449		3449		409	White	0
3450		3450		409	White	0
3451	1 refs poplist5901#1	Cellar Bugworm	Cellar Bugworm	567	Caterpile	0
3452	1 refs poplist5901#1	Shimmering Forte	Shimmering Forte	526	Deinos	0
3453	1 refs poplist5901#2	Conflagrant Raxeal	Conflagrant Raxeal	594	Lexos	0
3454	1 refs poplist5901#3	Territorial Rotbart	Territorial Rotbart	516	Gogol	0
3455	1 refs poplist5901#3	Immovable Gonzalez	Immovable Gonzalez	515	Gogol	0
3456	1 refs poplist5901#4	Blizzard Belgazas	Blizzard Belgazas	537	Behemoth	0
3457	1 refs poplist5901#4	Avalanche Abaasy	Avalanche Abaasy	529	Dragon	0
3458		3458		409	White	0
3459		3459		409	White	0
3460		3460		409	White	0
3461		3461		409	White	0
3462		3462		409	White	0
3463		3463		409	White	0
3464		3464		409	White	0
3465		3465		409	White	0
3466		3466		409	White	0
3467		3467		409	White	0
3468		3468		409	White	0
3469		3469		409	White	0
3470		3470		409	White	0
3471		3471		409	White	0
3472		3472		409	White	0
3473		3473		409	White	0
3474		3474		409	White	0
3475		3475		409	White	0
3476		3476		409	White	0
3477		3477		409	White	0
3478		3478		409	White	0
3479		3479		409	White	0
3480		3480		409	White	0
3481		3481		409	White	0
3482		3482		409	White	0
3483		3483		409	White	0
3484		3484		409	White	0
3485		3485		409	White	0
3486		3486		409	White	0
3487		3487		409	White	0
3488		3488		409	White	0
3489		3489		409	White	0
3490		3490		409	White	0
3491		3491		409	White	0
3492		3492		409	White	0
3493		3493		409	White	0
3494		3494		409	White	0
3495		3495		409	White	0
3496		3496		409	White	0
3497		3497		409	White	0
3498		3498		409	White	0
3499		3499		409	White	0
3500		3500		409	White	0
3501	1 refs poplist6001#1	Petra Apis	Petra Apis	571	Apis	0
3502	2 refs poplist6001#2 poplist6001#3	Hyle Hode	Hyle Hode	641	Hode	0
3503	4 refs poplist6001#5 poplist6001#7 poplist6001#9 poplist6001#11	Sesna Lexos	Sesna Lexos	593	Lexos	0
3504	4 refs poplist6001#4 poplist6001#6 poplist6001#8 poplist6001#10	Officer Arachno	Officer Arachno	557	Arachno	0
3505	1 refs poplist6001#12	Laeklit Mammut	Laeklit Mammut	538	Mammut	0
3506		3506		409	White	0
3507		3507		409	White	0
3508		3508		409	White	0
3509		3509		409	White	0
3510		3510		409	White	0
3511		3511		409	White	0
3512		3512		409	White	0
3513		3513		409	White	0
3514		3514		409	White	0
3515		3515		409	White	0
3516		3516		409	White	0
3517		3517		409	White	0
3518		3518		409	White	0
3519		3519		409	White	0
3520		3520		409	White	0
3521		3521		409	White	0
3522		3522		409	White	0
3523		3523		409	White	0
3524		3524		409	White	0
3525		3525		409	White	0
3526		3526		409	White	0
3527		3527		409	White	0
3528		3528		409	White	0
3529		3529		409	White	0
3530		3530		409	White	0
3531		3531		409	White	0
3532		3532		409	White	0
3533		3533		409	White	0
3534		3534		409	White	0
3535		3535		409	White	0
3536		3536		409	White	0
3537		3537		409	White	0
3538		3538		409	White	0
3539		3539		409	White	0
3540		3540		409	White	0
3541		3541		409	White	0
3542		3542		409	White	0
3543		3543		409	White	0
3544		3544		409	White	0
3545		3545		409	White	0
3546		3546		409	White	0
3547		3547		409	White	0
3548		3548		409	White	0
3549		3549		409	White	0
3550		3550		409	White	0
